-- MySQL dump 10.13  Distrib 5.7.35, for Win64 (x86_64)
--
-- Host: localhost    Database: convenio
-- ------------------------------------------------------
-- Server version	5.7.35-log

/*!40101 SET @OLD_CHARACTER_SET_CLIENT=@@CHARACTER_SET_CLIENT */;
/*!40101 SET @OLD_CHARACTER_SET_RESULTS=@@CHARACTER_SET_RESULTS */;
/*!40101 SET @OLD_COLLATION_CONNECTION=@@COLLATION_CONNECTION */;
/*!40101 SET NAMES utf8 */;
/*!40103 SET @OLD_TIME_ZONE=@@TIME_ZONE */;
/*!40103 SET TIME_ZONE='+00:00' */;
/*!40014 SET @OLD_UNIQUE_CHECKS=@@UNIQUE_CHECKS, UNIQUE_CHECKS=0 */;
/*!40014 SET @OLD_FOREIGN_KEY_CHECKS=@@FOREIGN_KEY_CHECKS, FOREIGN_KEY_CHECKS=0 */;
/*!40101 SET @OLD_SQL_MODE=@@SQL_MODE, SQL_MODE='NO_AUTO_VALUE_ON_ZERO' */;
/*!40111 SET @OLD_SQL_NOTES=@@SQL_NOTES, SQL_NOTES=0 */;

--
-- Table structure for table `cliente`
--

DROP TABLE IF EXISTS `cliente`;
/*!40101 SET @saved_cs_client     = @@character_set_client */;
/*!40101 SET character_set_client = utf8 */;
CREATE TABLE `cliente` (
  `idcliente` int(11) NOT NULL AUTO_INCREMENT,
  `idconvenio` int(11) NOT NULL,
  `idsexo` int(11) NOT NULL,
  `idestadocivil` int(11) NOT NULL,
  `nome` varchar(255) DEFAULT NULL,
  `telefone` varchar(25) DEFAULT NULL,
  `celular` varchar(25) DEFAULT NULL,
  `endereco` varchar(255) DEFAULT NULL,
  `endereconr` varchar(15) DEFAULT NULL,
  `bairro` varchar(45) DEFAULT NULL,
  `cpf` varchar(25) DEFAULT NULL,
  `identidade` varchar(25) DEFAULT NULL,
  `naturalidade` varchar(45) DEFAULT NULL,
  `pai` varchar(45) DEFAULT NULL,
  `mae` varchar(45) DEFAULT NULL,
  `emprego` varchar(45) DEFAULT NULL,
  `cargo` varchar(45) DEFAULT NULL,
  `dataadmissao` date DEFAULT NULL,
  `renda` double DEFAULT NULL,
  `datanasc` date DEFAULT NULL,
  `limite` double DEFAULT NULL,
  `situacao` enum('ativo','inativo','bloqueado') DEFAULT 'ativo',
  `observacao` text,
  PRIMARY KEY (`idcliente`),
  KEY `fk_cliente_convenio_idx` (`idconvenio`),
  KEY `fk_cliente_sexo1_idx` (`idsexo`),
  KEY `fk_cliente_estadocivil1_idx` (`idestadocivil`),
  CONSTRAINT `fk_cliente_convenio` FOREIGN KEY (`idconvenio`) REFERENCES `convenio` (`idconvenio`) ON DELETE NO ACTION ON UPDATE NO ACTION,
  CONSTRAINT `fk_cliente_estadocivil1` FOREIGN KEY (`idestadocivil`) REFERENCES `estadocivil` (`idestadocivil`) ON DELETE NO ACTION ON UPDATE NO ACTION,
  CONSTRAINT `fk_cliente_sexo1` FOREIGN KEY (`idsexo`) REFERENCES `sexo` (`idsexo`) ON DELETE NO ACTION ON UPDATE NO ACTION
) ENGINE=InnoDB AUTO_INCREMENT=861 DEFAULT CHARSET=utf8;
/*!40101 SET character_set_client = @saved_cs_client */;

--
-- Dumping data for table `cliente`
--

LOCK TABLES `cliente` WRITE;
/*!40000 ALTER TABLE `cliente` DISABLE KEYS */;
INSERT INTO `cliente` VALUES (4,1,3,5,'MARIANNA TROJAN','','5534144353','XV DE NOVEMBRO','1282',' ','98241036','7055314863',' ',' ',' ',' ',' ',NULL,0,'1982-07-06',0,'ativo',' '),(5,22,3,5,'SHEILA RIPOLL','','999968049   ','AVENIDA PRESIDENTE GETULIO VARGAS','3993',' ','83091114015','4081312235',' ',' ',' ',' ',' ',NULL,0,'1983-08-27',0,'ativo',' '),(8,1,3,5,'MANOELA SILVEIRA','','999205653   ','BENTO MARTINS','3010',' ','306085038','968728487',' ',' ',' ',' ',' ',NULL,0,'1985-01-25',0,'ativo',' '),(11,1,3,5,'ANDREIA OLIVEIRA','','991826077   ','RUA DOUTOR GREGORIO BEHREGARAY FILH','3698',' ','94658722020','2027952023',' ',' ',' ',' ',' ',NULL,0,'1978-05-22',0,'ativo',' '),(16,22,3,5,'CAMILA CARPES','','5599942497  ','PRESIDENTE VARGAS','1293',' ','3053186080','7089714987',' ',' ',' ',' ',' ',NULL,0,'1980-07-25',0,'ativo',' '),(20,8,3,5,'ANGELA ORTOBOM','','991021282   ','RUA WALDEMAR DRESSLER','364',' ','96052449004','1061821731',' ',' ',' ',' ',' ',NULL,0,'1978-01-28',0,'ativo',' '),(22,1,3,5,'FLAVIA PELLEGRINI','','99662225    ','QUADRA CINCO','3695',' ','228618070','2049969855',' ',' ',' ',' ',' ',NULL,0,'1982-05-12',0,'ativo',' '),(24,22,3,5,'NATHANA RBS','','51999999999 ','RUA','1',' ','26492640470','9999999999',' ',' ',' ',' ',' ',NULL,0,'2000-01-01',0,'ativo',' '),(25,1,3,5,'SILVIA PACHECO','','999378074   ','BENTO MARTINS ','2045',' ','610638009','1045569538',' ',' ',' ',' ',' ',NULL,0,'1983-02-14',0,'ativo',' '),(27,1,3,5,'BRUNA AGUIAR SEVERO','','999182563   ','BENTO MARTINS ','2159',' ','1078819009','1098782101',' ',' ',' ',' ',' ',NULL,0,'1980-06-15',0,'ativo',' '),(34,12,3,5,'SILVIA ROMA','','984021770   ','PRADO LIMA ','4001',' ','60175192049','1089969966',' ',' ',' ',' ',' ',NULL,0,'1972-04-30',0,'ativo',' '),(38,22,3,5,'LILIAN RBS','','99846325    ','RUA ENGENHEIRO HERCULES ALAOR BOM','3698',' ','83614796000','4083380339',' ',' ',' ',' ',' ',NULL,0,'1987-02-17',0,'ativo',' '),(39,22,3,5,'MARI RBS','','999509966   ','QUADRA CINCO','1584',' ','96764430004','8029733105',' ',' ',' ',' ',' ',NULL,0,'1980-03-22',0,'ativo',' '),(43,1,3,5,'SIMONE LANCHE','','','','0',' ','','',' ',' ',' ',' ',' ',NULL,0,'1900-01-00',0,'ativo',' '),(45,2,3,5,'CARINE AGAJU','','96459231    ','PRADO LIMA ','3002',' ','92145744053','1089696699',' ',' ',' ',' ',' ',NULL,0,'1985-02-10',0,'ativo',' '),(46,1,3,5,'JULIANE MACIEL','','991713828   ','RUA GENERAL CANABARRO','898',' ','1090316011','4088558483',' ',' ',' ',' ',' ',NULL,0,'1986-05-06',0,'ativo',' '),(49,1,3,5,'SIMONE SALAO','','','','0',' ','','',' ',' ',' ',' ',' ',NULL,0,'1900-01-00',0,'ativo',' '),(53,1,3,5,'ALINE FERRIOLI ','','984315851   ','RUA CORONEL RODRIGUES PORTUGAL','1586',' ','00659791099','9079295003',' ',' ',' ',' ',' ',NULL,0,'1986-07-08',0,'ativo',' '),(54,17,3,5,'NATHALIA (PM)','','997193091   ','QUADRA DEZ','174',' ','2944592009','5111683552',' ',' ',' ',' ',' ',NULL,0,'1991-07-28',0,'ativo',' '),(55,17,3,5,'SHEILA (PM)','','991826258   ','RUA GENERAL JOAO MANOEL','2308',' ','96921064034','9034717554',' ',' ',' ',' ',' ',NULL,0,'1979-06-06',0,'ativo',' '),(58,17,3,5,'KELVIN MAURICIO GOES PM','','991992564   ','QUADRA CINCO','9874',' ','03828539033','5082746826',' ',' ',' ',' ',' ',NULL,0,'1986-12-14',0,'ativo',' '),(63,17,3,5,'SILMARA SANTOS(PM)','','98130826    ','VASCO ALVES ','2666',' ','88608808587','7084684',' ',' ',' ',' ',' ',NULL,0,'1977-06-08',0,'ativo',' '),(66,1,3,5,'VANESSA FIORI','','992177788','BENTO MARTINS','2916',' ','92176739000','7055314863',' ',' ',' ',' ',' ',NULL,0,'1982-07-06',0,'ativo',' '),(69,1,3,5,'LUCIANE TIM MACIEL','','996412974   ','QUADRA CINCO','3584',' ','83690239087','1086995296',' ',' ',' ',' ',' ',NULL,0,'1983-04-15',0,'ativo',' '),(72,1,3,5,'PATRICIA FAGUNDES KIELING','','991363584   ','RUA SETE DE SETEMBRO','3201',' ','03319027026','9110657153',' ',' ',' ',' ',' ',NULL,0,'1993-09-20',0,'ativo',' '),(76,10,3,5,'JOANA GUTERRES (COLOMBO CALCADAO)','','91752950    ','RUA VENANCIO AIRES','1728',' ','34503706004','1029463054',' ',' ',' ',' ',' ',NULL,0,'1962-10-19',0,'ativo',' '),(84,1,3,5,'ERICA TOMAZELLI','','996271267   ','RUA FELICIANO RIBEIRO','2065',' ','99269490025','1073569161',' ',' ',' ',' ',' ',NULL,0,'1980-06-15',0,'ativo',' '),(86,1,3,5,'CARMEM PALOMA CASA VITOR','','996237169   ','XV DE NOVEMBRO 1282','204',' ','3650780003','7055314863',' ',' ',' ',' ',' ',NULL,0,'1978-08-06',0,'ativo',' '),(89,17,3,5,'ALECSANDRO PM','','','','0',' ','','',' ',' ',' ',' ',' ',NULL,0,'1900-01-00',0,'ativo',' '),(92,2,3,5,'LAYANDRA DA SILVA (CARINE AGAJU)','','991475735   ','RUA GENERAL JOAO MANOEL 3211','1204',' ','02733596063','9104451746',' ',' ',' ',' ',' ',NULL,0,'1983-09-01',0,'ativo',' '),(96,1,3,5,'RAQUEL VIEIRA (S E A)','','999893132   ','XV NOVEMBRO','1282',' ','02235458050','7055314863',' ',' ',' ',' ',' ',NULL,0,'1984-02-12',0,'ativo',' '),(99,1,3,5,'SINGLAIR XAVIER (CARINE)','','','','0',' ','','',' ',' ',' ',' ',' ',NULL,0,'1900-01-00',0,'ativo',' '),(107,11,3,5,'FELICIA (RADISSON)','','96779904    ','RUA DOMINGOS DE ALMEIDA','2014',' ','94755930049','5063566961',' ',' ',' ',' ',' ',NULL,0,'1983-03-10',0,'ativo',' '),(111,16,3,5,'CRISTIANE SEREJO MONTANO (DECIMAL)','','55991253325','FERNANDO FERRARI','372',' ','1118759001','5079894522',' ',' ',' ',' ',' ',NULL,0,'1900-01-00',0,'ativo',' '),(114,16,3,5,'CARLA FERNANDA ROCHA (DECIMAL)','','999090784   ','QUADRA CINCO','58',' ','00572826095','1085205456',' ',' ',' ',' ',' ',NULL,0,'1984-01-21',0,'ativo',' '),(116,17,3,5,'FERNANDINHA (PM)','','999666640   ','RUA TREZE DE MAIO','2693',' ','00464366003','9095878601',' ',' ',' ',' ',' ',NULL,0,'1984-09-21',0,'ativo',' '),(117,2,3,5,'FRANCIELE COSTA  (CARINE AGAJU)','','984519544   ','RUA MARECHAL FLORIANO','1846',' ','01035571056','9074024445',' ',' ',' ',' ',' ',NULL,0,'1987-04-30',0,'ativo',' '),(120,9,3,5,'VANESSA NOGUEIRA (SAO JOAO)','','996322273   ','QUADRA CINCO','39',' ','00172127076','2649843212',' ',' ',' ',' ',' ',NULL,0,'1980-12-10',0,'ativo',' '),(121,1,3,5,'MARCIA DIAS COMAS','','990198197   ','RUA TREZE DE MAIO','1277',' ','67531741091','5117405737',' ',' ',' ',' ',' ',NULL,0,'1976-05-21',0,'ativo',' '),(122,2,3,5,'ALEXANDRA BORGES(CARINE AGAJU)','','96953242    ','QUADRA CINCO','3658',' ','00686635019','4975830473',' ',' ',' ',' ',' ',NULL,0,'1984-02-22',0,'ativo',' '),(130,1,3,5,'CECILIA MACHADO PAVIN','','55999761274','QUADRA CINCO','98',' ','2764838042','1085977769',' ',' ',' ',' ',' ',NULL,0,'1982-06-10',0,'ativo',' '),(134,18,3,5,'DANIELA DA SILVA OLIVEIRA (TUMELERO)','','996100249   ','BENTO MARTINS ','4551',' ','97627755034','3075833016',' ',' ',' ',' ',' ',NULL,0,'1981-06-11',0,'ativo',' '),(136,17,2,5,'ELISANDRA (PM)','','992359224   ','RUA FELICIANO RIBEIRO','1882',' ','1464016038','2096864075',' ',' ',' ',' ',' ',NULL,0,'1989-03-29',0,'ativo',' '),(140,1,3,5,'RENATA FONSECA DA SILVA','','999772583   ','RUA GENERAL VITORINO','1733',' ','415406030','7057906732',' ',' ',' ',' ',' ',NULL,0,'1984-10-30',0,'ativo',' '),(142,1,3,5,'SEFANNY SALGUEIRO RIOS','','996159449   ','RUA GENERAL BENTO GONCALVES','1976',' ','1347899030','9100745828',' ',' ',' ',' ',' ',NULL,0,'1988-03-02',0,'ativo',' '),(145,1,3,5,'MARIA HELENA CASTELHANO DA SILVEIRA(SEFANI)','','996135836','DOMINGOS DE ALMEIDA','3136',' ','34498583000','2048330159',' ',' ',' ',' ',' ',NULL,0,'1900-01-00',0,'ativo',' '),(147,1,3,5,'LINA MONTANO','','991633705   ','FERNANDO FERRARI','372',' ','56950209053','8797979797',' ',' ',' ',' ',' ',NULL,0,'1961-07-01',0,'ativo',' '),(149,2,3,5,'JESSICA MONTEIRO (CARINE AGAJU))','','991566175   ','QUADRA CINCO','28',' ','02369780045','6100055265',' ',' ',' ',' ',' ',NULL,0,'1990-11-28',0,'ativo',' '),(150,17,3,5,'RENATA SOUZA (PM DESPACHOS)','','96128797    ','RUA JOAO ROSSI','370',' ','82245088034','1075825487',' ',' ',' ',' ',' ',NULL,0,'1980-04-17',0,'ativo',' '),(151,1,3,5,'LAURA FERRAZ (ORTOBOM )','','984224878   ','RUA TREZE DE MAIO','3140',' ','02537328086','7115171758',' ',' ',' ',' ',' ',NULL,0,'1990-04-29',0,'ativo',' '),(152,1,3,5,'JHENIFER CANDIA CARDOSO(MILDIKAS)','','984232256   ','QUADRA CINCO','26',' ','85345326053','2108055159',' ',' ',' ',' ',' ',NULL,0,'1994-06-24',0,'ativo',' '),(153,1,3,5,'ALESSANDRA FERREIRA FROBOSE','','997116152','FELICIANO RIBEIRO BLOCO 11 AP 104','2235',' ','04695815060','4092107566',' ',' ',' ',' ',' ',NULL,0,'1900-01-00',0,'ativo',' '),(157,14,3,5,'MIRELE SANTOS DA SILVEIRA (LOTERICA)','','996434878   ','RUA SANTANA','1235',' ','00640149081','5094395612',' ',' ',' ',' ',' ',NULL,0,'1977-11-24',0,'ativo',' '),(159,1,3,5,'VIVIAN BOLICHAO','','996471802   ','AVENIDA PRESIDENTE GETULIO VARGAS','1052',' ','00793711088','1080546932',' ',' ',' ',' ',' ',NULL,0,'1974-05-01',0,'ativo',' '),(163,1,3,5,'MARIBEL VERONICA DA SILVA','','996633299   ','QUADRA CINCO','945',' ','01342233069','6022010026',' ',' ',' ',' ',' ',NULL,0,'1947-10-24',0,'ativo',' '),(167,1,3,5,'ANDREIA GICK','','996902817','BENTO MARTINS','0',' ','53274733091','',' ',' ',' ',' ',' ',NULL,0,'1900-01-00',0,'ativo',' '),(171,1,3,5,'DENISE SALAO','','999762231   ','RUA GENERAL CAMARA','1037',' ','95080597020','6037333132',' ',' ',' ',' ',' ',NULL,0,'1979-07-30',0,'ativo',' '),(172,1,3,5,'PATRICIA RODRIGUES PORTO','','996532291   ','QUADRA CINCO','36',' ','70069018049','705692519',' ',' ',' ',' ',' ',NULL,0,'1983-05-13',0,'ativo',' '),(173,1,3,5,'CLEUSA MARIA JORGE DE MORAES','','996237060','','0',' ','34505954072','10017193598',' ',' ',' ',' ',' ',NULL,0,'1900-01-00',0,'ativo',' '),(177,9,3,5,'LAURA GOMES(SAO JOAO)','','991876776   ','RUA GENERAL FLORES DA CUNHA','3134',' ','91383714053','5056953184',' ',' ',' ',' ',' ',NULL,0,'1976-02-22',0,'ativo',' '),(181,1,3,5,'ANA GISELDA BORDOK (RITA CARINE)','','','','0',' ','462513084','',' ',' ',' ',' ',' ',NULL,0,'1900-01-00',0,'ativo',' '),(184,2,3,5,'ALINE SBICIGO ( CARINE AGAJU)','','999580269   ','RUA PREFEITO IRIS FERRARI VALLS','4240',' ','97506966034','1056923665',' ',' ',' ',' ',' ',NULL,0,'1979-07-12',0,'ativo',' '),(187,2,3,5,'DEBORA SALDANHA PERES (CARINE AGAJU)','','','','0',' ','','5079302864',' ',' ',' ',' ',' ',NULL,0,'1900-01-00',0,'ativo',' '),(189,2,3,5,'KATIUSCA DE LIMA (CARINE AGAJU)','','999326392','QUADRA CINCO','999',' ','00594147077','8081076229',' ',' ',' ',' ',' ',NULL,0,'1984-05-10',0,'ativo',' '),(190,1,3,5,'MARIA LUCIANA PEREIRA','','991569975','IRIS VALLS','1433',' ','95763015053','1032293332',' ',' ',' ',' ',' ',NULL,0,'1973-05-16',0,'ativo',' '),(198,1,3,5,'THAIS ANDRIELLI PEREIRA (SEFFANY)','','5534144353  ','BENTO MARTINS','2916',' ','04081237026','7055314863',' ',' ',' ',' ',' ',NULL,0,'1982-07-06',0,'ativo',' '),(199,1,3,5,'JACKELINE CARDOSO FERNANDES','','55984377179 ','RUA MARECHAL FLORIANO','1984',' ','89382021000','462550MM',' ',' ',' ',' ',' ',NULL,0,'1977-01-02',0,'ativo',' '),(202,1,3,5,'JOSE ESTEFANIO CASTRO DA COSTA E SILVA','','34027246','','0',' ','77707532015','1061623884',' ',' ',' ',' ',' ',NULL,0,'1900-01-00',0,'ativo',' '),(203,19,3,5,'CLOVIS SEA','','','','0',' ','','',' ',' ',' ',' ',' ',NULL,0,'1900-01-00',0,'ativo',' '),(208,7,3,5,'MONIQUE TOLEDO(REDE CEM)','','97302406    ','QUADRA CINCO','5894',' ','1233574035','1036955841',' ',' ',' ',' ',' ',NULL,0,'1982-03-15',0,'ativo',' '),(210,7,3,5,'CAMILA DOS SANTOS TOLEDO(REDE CEM)','','984387183','QUADRA CINCO','79879',' ','2119183007','2098306521',' ',' ',' ',' ',' ',NULL,0,'1984-08-09',0,'ativo',' '),(211,2,3,5,'MARISA DOS SANTOS (CARINE AGAJU)','','991987884   ','RUA WALDEMAR DRESSLER','441',' ','61004731000','5007426661',' ',' ',' ',' ',' ',NULL,0,'1968-10-20',0,'ativo',' '),(213,1,3,5,'CRISTIANE DE ABREU','','999515140   ','RUA ENGENHEIRO HERCULES ALAOR BOM','7897',' ','01610895002','3095188565',' ',' ',' ',' ',' ',NULL,0,'1986-10-27',0,'ativo',' '),(214,1,3,5,'SABRINA SILVEIRA FERNANDES','','991904463','CONDE DE PORTO ALEGRE','610',' ','01415623074','3100051618',' ',' ',' ',' ',' ',NULL,0,'1986-07-02',0,'ativo',' '),(218,1,3,5,'NATALIA MENDINA','','984377485','SANTOS DUMONT ','111',' ','60115316019','789145329',' ',' ',' ',' ',' ',NULL,0,'1950-08-30',0,'ativo',' '),(222,1,3,5,'DANIELE DAVILA ALVES (MINEIA)','','996442212   ','QUADRA CINCO','8932',' ','01601012047','3092106974',' ',' ',' ',' ',' ',NULL,0,'1987-07-22',0,'ativo',' '),(225,1,3,5,'GESSICA DA SILVEIRA DE MELLO','','34124252','','0',' ','02562507070','5080711591',' ',' ',' ',' ',' ',NULL,0,'1900-01-00',0,'ativo',' '),(230,20,3,5,'BRUNA SOUZA FERREIRA (VISAO)','','996874915','BENTO MARTINS','2955',' ','2436628076','3105942894',' ',' ',' ',' ',' ',NULL,0,'1987-07-06',0,'ativo',' '),(231,22,3,5,'BLENO MARTINS DE OLIVEIRA (RBS)','','984650110   ','RUA FELICIANO RIBEIRO','1892',' ','02530653054','2095462582',' ',' ',' ',' ',' ',NULL,0,'1991-06-12',0,'ativo',' '),(233,1,3,5,'ANA CARLA RAMIRES (COLOMBO)','','','GENERAL VITORINO','3450',' ','98100190097','',' ',' ',' ',' ',' ',NULL,0,'1900-01-00',0,'ativo',' '),(234,1,3,5,'MARIANA DUTRA','','51997761442 ','RUA SAO LOURENCO DO SUL','544',' ','03364068003','9105860978',' ',' ',' ',' ',' ',NULL,0,'1993-07-14',0,'ativo',' '),(279,1,3,5,'FLAVIA PELEGRINE ','','99662225    ','RUA GENERAL FLORES DA CUNHA','2002',' ','00228618070','2066721677',' ',' ',' ',' ',' ',NULL,0,'1982-08-13',0,'ativo',' '),(288,1,3,5,'KAREN SILVEIRA','','55996290713 ','QUADRA CINCO','96',' ','01908967013','1089969966',' ',' ',' ',' ',' ',NULL,0,'1984-06-03',0,'ativo',' '),(297,1,3,5,'VERA REGINA PACHECO ','','981419379   ','RUA CABO LUIZ QUEVEDO','2181',' ','35643331004','2036050702',' ',' ',' ',' ',' ',NULL,0,'1962-09-14',0,'ativo',' '),(311,1,3,5,'DANIELI MACHADO ','','991993668   ','RUA GENERAL CAMARA','1097',' ','03185585054','7098306157',' ',' ',' ',' ',' ',NULL,0,'1982-03-12',0,'ativo',' '),(323,1,3,5,'MARIELE MARTINI','','991274751   ','RUA DOS ANDRADAS','3111',' ','02716949042','3105941011',' ',' ',' ',' ',' ',NULL,0,'1991-07-14',0,'ativo',' '),(339,1,3,5,'FERNANDA CURI SARTORI','','99811265    ','RUA TREZE DE MAIO','1557',' ','00058313001','6075827086',' ',' ',' ',' ',' ',NULL,0,'1982-03-27',0,'ativo',' '),(349,17,3,5,'NATALIA PM DESPACHOS','','997193091   ','QUADRA DEZ','174',' ','02944592009','5111683552',' ',' ',' ',' ',' ',NULL,0,'1991-07-28',0,'ativo',' '),(378,1,3,5,'EVILYN JANNER ','','51998983600 ','RUA EUSTAQUIO ORMAZABAL','1882',' ','01129373061','1088122005',' ',' ',' ',' ',' ',NULL,0,'1989-11-17',0,'ativo',' '),(394,1,3,5,'ROSANGELA MARIA DE SOMBESSOW MACHADO','','999762131   ','TRAVESSA SANTA MARIA','2322',' ','30180295004','',' ',' ',' ',' ',' ',NULL,0,'1982-02-15',0,'ativo',' '),(396,19,3,5,'GISIANE ARNHOLD (SEA)','','996469266   ','RUA GENERAL ESTILAC LEAL','2297',' ','01175991074','1072954066',' ',' ',' ',' ',' ',NULL,0,'1987-05-15',0,'ativo',' '),(410,1,3,5,'CASCIA SEGALA ','','999196164   ','QUADRA CINCO','2588',' ','45124051000','6036000963',' ',' ',' ',' ',' ',NULL,0,'1966-06-18',0,'ativo',' '),(425,1,3,5,'ANA PAULA CAIOLE OLIVEIRA ','','996657158   ','QUADRA CINCO','98',' ','02274792038','5101626744',' ',' ',' ',' ',' ',NULL,0,'1989-03-03',0,'ativo',' '),(426,1,3,5,'PRISCILA MARTINS MELLO (COLOMBO ESQUINA MONIQUE)','','991689756   ','RUA GENERAL BENTO MARTINS','3771',' ','01937253040','6100054458',' ',' ',' ',' ',' ',NULL,0,'1988-12-10',0,'ativo',' '),(437,1,3,5,'JACQUELINE ARAUJO FERRAZ','','992347674   ','RUA VENANCIO AIRES','3252',' ','02344301097','2102004609',' ',' ',' ',' ',' ',NULL,0,'1980-12-04',0,'ativo',' '),(440,1,3,5,'ALEJANDRA TARTER','','999650056   ','XV DE NOVEMBRO','1282',' ','00070593027','7055314863',' ',' ',' ',' ',' ',NULL,0,'1981-10-14',0,'ativo',' '),(447,1,3,5,'FABINHA (REDE CASH)','','991922223   ','RUA FELICIANO RIBEIRO','2810',' ','99630443015','4043023961',' ',' ',' ',' ',' ',NULL,0,'1981-10-20',0,'ativo',' '),(453,1,3,5,'MARJOELE BRAGA DE SOUZA ','','999776878   ','RUA SANTOS DUMONT','1495',' ','01789304075','6089976838',' ',' ',' ',' ',' ',NULL,0,'1989-01-02',0,'ativo',' '),(462,1,3,5,'CAROLINE HAUPENTHAL BARREIRA TELECHEA ','','996098274   ','RUA DOS ANDRADAS','3060',' ','82716714053','9066846693',' ',' ',' ',' ',' ',NULL,0,'1981-03-31',0,'ativo',' '),(467,1,3,5,'RAFAELA FRAGOZO OLIVEIRA ','','996865424   ','QUADRA CINCO','1587',' ','01528936019','7086861791',' ',' ',' ',' ',' ',NULL,0,'1985-10-24',0,'ativo',' '),(478,1,3,5,'GREICE IRRASSABAL FERNANDES','','999773031   ','RUA QUATRO','186',' ','83065776049','5088187751',' ',' ',' ',' ',' ',NULL,0,'1983-09-07',0,'ativo',' '),(479,1,3,5,'RODRIGO BORGES ','','999810516   ','AVENIDA DEPUTADO FERNANDO FERRARI','1446',' ','00257369066','7064059947',' ',' ',' ',' ',' ',NULL,0,'1981-08-08',0,'ativo',' '),(480,6,3,5,'LIANA FUMAGALI','','999531877   ','RUA DOMINGOS DE ALMEIDA','1205',' ','00013798014','6074842458',' ',' ',' ',' ',' ',NULL,0,'1982-12-14',0,'ativo',' '),(481,1,3,5,'NATHALI ALVES ','','999241672   ','RUA DOS ANDRADAS','783',' ','02961883016','',' ',' ',' ',' ',' ',NULL,0,'1995-04-30',0,'ativo',' '),(482,1,3,5,'LUANA MIRIELA CAMARA','','996609366   ','RUA EUSTAQUIO ORMAZABAL','2761',' ','01689956038','',' ',' ',' ',' ',' ',NULL,0,'1987-11-14',0,'ativo',' '),(492,1,3,5,'ANDREIA SIMONE OLIVEIRA PINHEIRO','','996129866   ','RUA GENERAL VITORINO','3143',' ','77698142000','8079890565',' ',' ',' ',' ',' ',NULL,0,'1974-11-22',0,'ativo',' '),(499,1,3,5,'LUIZ SERPA OLIVEIRA (CAFE DA PRACA)','','91002984    ','RUA DOMINGOS DE ALMEIDA','3622',' ','02229500058','7102009383',' ',' ',' ',' ',' ',NULL,0,'1990-02-08',0,'ativo',' '),(502,1,3,5,'ESTEVAN LACERDA PEREIRA ','','992023209   ','QUADRA E','39',' ','00867329009','9079891322',' ',' ',' ',' ',' ',NULL,0,'1983-07-16',0,'ativo',' '),(505,1,3,5,'CELESTE GARAY CARDOSO','','996337685   ','RUA PADRE ANCHIETA','3421',' ','96991780006','6073821537',' ',' ',' ',' ',' ',NULL,0,'1979-10-27',0,'ativo',' '),(507,1,3,5,'LUANA BORGES','','999158474   ','QUADRA CINCO','15',' ','03517461024','4108044779',' ',' ',' ',' ',' ',NULL,0,'1995-03-22',0,'ativo',' '),(512,1,3,5,'GESIEL BANDEIRA DE FIGUEREDO','','55991265005 ','QUADRA TRES','6',' ','00080475027','6081069236',' ',' ',' ',' ',' ',NULL,0,'1981-10-15',0,'ativo',' '),(513,1,3,5,'ELIS ELENI FRAGOSO DA COSTA','','992184731   ','BENTO MARTINS ','3069',' ','73925969004','9052340909',' ',' ',' ',' ',' ',NULL,0,'1973-08-14',0,'ativo',' '),(532,1,3,5,'AMANDA TAJES ','','996396773   ','QUADRA CINCO','21',' ','02535966026','9081311848',' ',' ',' ',' ',' ',NULL,0,'1992-02-13',0,'ativo',' '),(534,7,3,5,'DAIANE BARRETO (MONIQUE )','','84450818    ','QUADRA CINCO','69',' ','74594117015','4092799339',' ',' ',' ',' ',' ',NULL,0,'1978-08-14',0,'ativo',' '),(585,1,3,5,'SIBELLE SALGUEIRO RIOS ','','996081253   ','RUA TIRADENTES','1236',' ','02012881092','8100746067',' ',' ',' ',' ',' ',NULL,0,'1989-11-14',0,'ativo',' '),(588,1,3,5,'MARILIA SALGUEIRO','','999486451   ','RUA GENERAL CAMARA','2055',' ','00290420032','3003470287',' ',' ',' ',' ',' ',NULL,0,'1982-10-04',0,'ativo',' '),(591,2,3,5,'RADMILA KARLA ( CARINE AGAJU)','','991343553   ','RUA BENJAMIN CONSTANT','3986',' ','03737006016','1111611305',' ',' ',' ',' ',' ',NULL,0,'1982-08-09',0,'ativo',' '),(592,2,3,5,'SUZANA BORGES (CARINE AGAJU)','','99715019    ','QUADRA DEZENOVE','1589',' ','04577864002','1127831632',' ',' ',' ',' ',' ',NULL,0,'1997-08-16',0,'ativo',' '),(595,1,3,5,'KAREN MACHADO DE MEDEIROS SALDANHA ','','99779881    ','RUA QUINZE DE NOVEMBRO','1497',' ','80964702053','1037329206',' ',' ',' ',' ',' ',NULL,0,'1978-10-20',0,'ativo',' '),(615,1,3,5,'MARIANA RIBEIRA NOLASCO','','999432917   ','RUA DOS ANDRADAS','924',' ','05033927078','4095183812',' ',' ',' ',' ',' ',NULL,0,'2001-01-19',0,'ativo',' '),(627,1,3,5,'BRUNA APESTEGUY','','999791459   ','QUADRA CINCO','5',' ','60282955070','8127906702',' ',' ',' ',' ',' ',NULL,0,'2000-02-02',0,'ativo',' '),(631,1,3,5,'TATIELE DE CARVALHO FERREIRA ','','996772293   ','RUA MONSENHOR FRANCISCO ASSIS PEREI','4044',' ','00341514004','8084128001',' ',' ',' ',' ',' ',NULL,0,'1984-12-10',0,'ativo',' '),(650,1,3,5,'SILVIA CRISTINA PREVEDELLO(LOTÉRICA)','','55999966520 ','RUA SANTANA','2925',' ','89449789053','7066808771',' ',' ',' ',' ',' ',NULL,0,'1974-09-23',0,'ativo',' '),(652,1,3,5,'NAYANE BLANCO ','','996185486   ','TRAVESSA T','976',' ','02884554017','6112358707',' ',' ',' ',' ',' ',NULL,0,'1993-09-01',0,'ativo',' '),(654,18,3,5,'MICHELE PRADE ESCALANTE(TUMELERO)','','996583638   ','RUA JOSE GARIBALDI','2028',' ','98586386049','6079297286',' ',' ',' ',' ',' ',NULL,0,'1982-12-12',0,'ativo',' '),(693,1,3,5,'CAROLINE BARRETO VIEIRA','','996237181   ','BENTO MARTINS 2916','2916',' ','01595676023','1080714511',' ',' ',' ',' ',' ',NULL,0,'1986-03-15',0,'ativo',' '),(714,1,3,5,'LIDIANE DA CUNHA CASTELHANO ','','991922603   ','QUADRA CINCO','6592',' ','00675588014','6107901008',' ',' ',' ',' ',' ',NULL,0,'1984-03-22',0,'ativo',' '),(767,2,3,5,'CAROLINE FLORES FERNANDES(CARINE AGAJU)','','96643026    ','RUA VENANCIO AIRES','1400',' ','01316325075','9076940635',' ',' ',' ',' ',' ',NULL,0,'1987-08-18',0,'ativo',' '),(779,16,3,5,'MARISTELA BORGES BARBOSA','','34134651    ','RUA DA HORTA MUNICIPAL','1207',' ','74607359068','6036911441',' ',' ',' ',' ',' ',NULL,0,'1976-02-20',0,'ativo',' '),(780,1,1,1,'NASSER RAHMAN','5534116960',NULL,'DUQUE DE CAXIAS','1929','CENTRO','97086000030','5073825332','ITAQUI-RS','','','','',NULL,0,'1980-09-23',1000,'ativo',''),(781,8,2,5,'ELIS - ORTOBOM','',NULL,'','','','','','','','','','',NULL,0,NULL,0,'ativo',''),(782,8,2,5,'MIRIAM ORTOBOM','',NULL,'','','','','','','','','','',NULL,0,NULL,0,'ativo',''),(783,1,2,5,'CARLA DELGADO','',NULL,'','','','','','','','','','',NULL,0,NULL,0,'ativo',''),(784,1,2,1,'CRISTIANE FRANÇA','',NULL,'','','','','','','','','','',NULL,0,NULL,0,'ativo',''),(785,1,2,5,'CRISTIANE HERNANDEZ','',NULL,'','','','','','','','','','',NULL,0,NULL,0,'ativo',''),(786,1,2,1,'AMANDA (ROSE )','',NULL,'','','','','','','','','','',NULL,0,NULL,0,'ativo',''),(787,1,2,5,'BRUNA(ESCRITÓRIO)','',NULL,'','','','','','','','','','',NULL,0,NULL,0,'ativo',''),(788,1,2,5,'DANIELE CECCON','',NULL,'','','','','','','','','','',NULL,0,NULL,0,'ativo',''),(789,1,2,5,'DANIELA STUMF','',NULL,'','','','','','','','','','',NULL,0,NULL,0,'ativo',''),(790,1,2,5,'DANIELE ALVES','',NULL,'','','','','','','','','','',NULL,0,NULL,0,'ativo',''),(791,1,2,5,'DIANY','',NULL,'','','','','','','','','','',NULL,0,NULL,0,'ativo',''),(792,1,2,5,'GLADIS ','',NULL,'','','','','','','','','','',NULL,0,NULL,0,'ativo',''),(793,1,2,5,'GISELE PACHECO','',NULL,'','','','','','','','','','',NULL,0,NULL,0,'ativo',''),(794,1,2,5,'GRAZI (SALAO)','',NULL,'','','','','','','','','','',NULL,0,NULL,0,'ativo',''),(795,1,2,5,'IVANIA','',NULL,'','','','','','','','','','',NULL,0,NULL,0,'ativo',''),(796,1,2,5,'KELLY CEOLIN','',NULL,'','','','','','','','','','',NULL,0,NULL,0,'ativo',''),(797,1,2,5,'KARINE CARDOSO','',NULL,'','','','','','','','','','',NULL,0,NULL,0,'ativo',''),(798,1,2,5,'LIANE(VIVIAN)','',NULL,'','','','','','','','','','',NULL,0,NULL,0,'ativo',''),(799,1,2,5,'LUANA(LILIANE)','',NULL,'','','','','','','','','','',NULL,0,NULL,0,'ativo',''),(800,1,2,5,'LUCIANE ANCINELLO','',NULL,'','','','','','','','','','',NULL,0,NULL,0,'ativo',''),(801,1,2,5,'LAURA ANTONIELLI','',NULL,'','','','','','','','','','',NULL,0,NULL,0,'ativo',''),(802,1,2,5,'LAURA TAVARES','',NULL,'','','','','','','','','','',NULL,0,NULL,0,'ativo',''),(803,1,2,5,'LUANA FAVEIRO','',NULL,'','','','','','','','','','',NULL,0,NULL,0,'ativo',''),(804,1,2,5,'LAURA SALGUEIRO','',NULL,'','','','','','','','','','',NULL,0,NULL,0,'ativo',''),(805,1,1,5,'LUIZ (AGIPLAM)','',NULL,'','','','','','','','','','',NULL,0,NULL,0,'ativo',''),(806,1,2,5,'MARIANNI GONÇALVEZ ','',NULL,'','','','','','','','','','',NULL,0,NULL,0,'ativo',''),(807,1,2,5,'MARIA LUCIANA','',NULL,'','','','','','','','','','',NULL,0,NULL,0,'ativo',''),(808,1,2,5,'MARIANA (CFC)','',NULL,'','','','','','','','','','',NULL,0,NULL,0,'ativo',''),(809,1,2,5,'PATRICIA PORTO','',NULL,'','','','','','','','','','',NULL,0,NULL,0,'ativo',''),(810,1,2,5,'ROSEMAIRE','',NULL,'','','','','','','','','','',NULL,0,NULL,0,'ativo',''),(812,1,2,5,'ROBERTA RAMOS ','',NULL,'','','','','','','','','','',NULL,0,NULL,0,'ativo',''),(814,1,2,5,'RAQUEL (GABY COSMETICOS)','',NULL,'','','','','','','','','','',NULL,0,NULL,0,'ativo',''),(815,1,2,5,'JOICE(PAJO)','',NULL,'','','','','','','','','','',NULL,0,NULL,0,'ativo',''),(816,1,2,5,'JOSILENE RISSO','',NULL,'','','','','','','','','','',NULL,0,NULL,0,'ativo',''),(817,1,2,5,'JAQUELINE ','',NULL,'','','','','','','','','','',NULL,0,NULL,0,'ativo',''),(818,1,2,5,'TANIELE','',NULL,'','','','','','','','','','',NULL,0,NULL,0,'ativo',''),(819,1,2,5,'VANESSA ZIRMMER ','',NULL,'','','','','','','','','','',NULL,0,NULL,0,'ativo',''),(820,1,2,5,'VANESSA ZIRMMER','',NULL,'','','','','','','','','','',NULL,0,NULL,0,'ativo',''),(821,1,2,5,'VANUSSA','',NULL,'','','','','','','','','','',NULL,0,NULL,0,'ativo',''),(822,1,2,5,'VANESSA (DR)','',NULL,'','','','','','','','','','',NULL,0,NULL,0,'ativo',''),(824,6,2,5,'LIDIANE (SESIPA)','',NULL,'','','','','','','','','','',NULL,0,NULL,0,'ativo',''),(825,6,2,5,'DAIANA (SESIPA)','',NULL,'','','','','','','','','','',NULL,0,NULL,0,'ativo',''),(826,6,2,5,'DIULI(SESIPA)','',NULL,'','','','','','','','','','',NULL,0,NULL,0,'ativo',''),(827,7,2,5,'JULIANA HOPPE(REDE CEM )','',NULL,'','','','','','','','','','',NULL,0,NULL,0,'ativo',''),(828,9,2,5,'MICHELE OLIVEIRA(SAO JOAO)','',NULL,'','','','','','','','','','',NULL,0,NULL,0,'ativo',''),(829,9,2,5,'CARLOS EDUARDO( SAO JOAO)','',NULL,'','','','','','','','','','',NULL,0,NULL,0,'ativo',''),(830,1,2,5,'REANA(SEA)','',NULL,'','','','','','','','','','',NULL,0,NULL,0,'ativo',''),(831,19,2,5,'RENATA (SEA)','',NULL,'','','','','','','','','','',NULL,0,NULL,0,'ativo',''),(832,19,2,5,'EDWARD (SEA)','',NULL,'','','','','','','','','','',NULL,0,NULL,0,'ativo',''),(833,19,2,5,'ATHAIANE (SEA)','',NULL,'','','','','','','','','','',NULL,0,NULL,0,'ativo',''),(834,12,2,5,'LIEGE (ROMA)','',NULL,'','','','','','','','','','',NULL,0,NULL,0,'ativo',''),(835,12,2,5,'GRACIELA (ROMA)','',NULL,'','','','','','','','','','',NULL,0,NULL,0,'ativo',''),(836,17,2,5,'DÉIA (PM)','',NULL,'','','','','','','','','','',NULL,0,NULL,0,'ativo',''),(837,17,2,5,'BRUNA SOARES (PM)','',NULL,'','','','','','','','','','',NULL,0,NULL,0,'ativo',''),(838,17,2,5,'ALINE (PM)','',NULL,'','','','','','','','','','',NULL,0,NULL,0,'ativo',''),(839,17,2,5,'CAMILA (PM)','',NULL,'','','','','','','','','','',NULL,0,NULL,0,'ativo',''),(840,20,2,5,'ROSANGELA MACHADO (VISAO)','',NULL,'','','','','','','','','','',NULL,0,NULL,0,'ativo',''),(841,20,2,5,'CAMILA (VISAO)','',NULL,'','','','','','','','','','',NULL,0,NULL,0,'ativo',''),(842,21,2,5,'JANAINA','',NULL,'','','','','','','','','','',NULL,0,NULL,0,'ativo',''),(843,21,2,5,'ANA LUIZA FORTES (JANAINA)','',NULL,'','','','','','','','','','',NULL,0,NULL,0,'ativo',''),(844,21,2,5,'LUIZA (JANAINA)','',NULL,'','','','','','','','','','',NULL,0,NULL,0,'ativo',''),(845,21,2,5,'NATIELE (JANAINA)','',NULL,'','','','','','','','','','',NULL,0,NULL,0,'ativo',''),(846,21,2,5,'RITA FORTES (JANAINA)','',NULL,'','','','','','','','','','',NULL,0,NULL,0,'ativo',''),(847,18,2,5,'SERES ELENA GARCIA (TUMELERO)','',NULL,'','','','','','','','','','',NULL,0,NULL,0,'ativo',''),(848,22,2,5,'PAULA JANAINA','',NULL,'','','','','','','','','','',NULL,0,NULL,0,'ativo',''),(849,22,2,5,'LAILA','',NULL,'','','','','','','','','','',NULL,0,NULL,0,'ativo',''),(850,2,2,5,'JAQUELINE ( CARINE AGAJU)','',NULL,'','','','','','','','','','',NULL,0,NULL,0,'ativo',''),(851,2,2,5,'ADRIANA ALMEIDA (CARINE AGAJU','',NULL,'','','','','','','','','','',NULL,0,NULL,0,'ativo',''),(852,2,2,5,'CLAUDIA ADRIANA (CARINE AGAJU','',NULL,'','','','','','','','','','',NULL,0,NULL,0,'ativo',''),(853,2,2,5,'LUCIANA RAMOS (CARINE AGAJU)','',NULL,'','','','','','','','','','',NULL,0,NULL,0,'ativo',''),(854,2,2,5,'ELIS ELENI FRAGOSO (CARINE AGAJU )','',NULL,'','','','','','','','','','',NULL,0,NULL,0,'ativo',''),(855,2,2,5,'ELIANE (CARINE AGAJU )','',NULL,'','','','','','','','','','',NULL,0,NULL,0,'ativo',''),(856,2,2,5,'VANESSA VAZ (CARINE AGAJU)','',NULL,'','','','','','','','','','',NULL,0,NULL,0,'ativo',''),(857,2,2,5,'VANESSA SING','',NULL,'','','','','','','','','','',NULL,0,NULL,0,'ativo',''),(858,2,2,5,'MARIA EDUARDA (CARINE AGAJU)','',NULL,'','','','','','','','','','',NULL,0,NULL,0,'ativo',''),(859,13,2,5,'FLAVIA CAROLINE MEDEIROS ','',NULL,'','','','','','','','','','',NULL,0,NULL,0,'ativo',''),(860,1,2,5,'ELENICE','',NULL,'','','','','','','','','','',NULL,0,NULL,0,'ativo','');
/*!40000 ALTER TABLE `cliente` ENABLE KEYS */;
UNLOCK TABLES;

--
-- Table structure for table `convenio`
--

DROP TABLE IF EXISTS `convenio`;
/*!40101 SET @saved_cs_client     = @@character_set_client */;
/*!40101 SET character_set_client = utf8 */;
CREATE TABLE `convenio` (
  `idconvenio` int(11) NOT NULL AUTO_INCREMENT,
  `nome` varchar(45) DEFAULT NULL,
  `responsavel` varchar(255) DEFAULT NULL,
  `telefone` varchar(10) DEFAULT NULL,
  `situacao` enum('ativo','inativo','bloqueado') DEFAULT 'ativo',
  `nrparcelas` int(11) DEFAULT NULL,
  `vencimento` int(11) DEFAULT NULL,
  `datalimite` int(11) DEFAULT NULL,
  `comissao` double DEFAULT '5',
  PRIMARY KEY (`idconvenio`)
) ENGINE=InnoDB AUTO_INCREMENT=25 DEFAULT CHARSET=utf8;
/*!40101 SET character_set_client = @saved_cs_client */;

--
-- Dumping data for table `convenio`
--

LOCK TABLES `convenio` WRITE;
/*!40000 ALTER TABLE `convenio` DISABLE KEYS */;
INSERT INTO `convenio` VALUES (1,'PARTICULAR','PARTICULAR','','ativo',7,10,19,0),(2,'AGAJU ','CARINE ','','ativo',5,15,19,8),(3,'ANGELUS ','VLADIA','','ativo',5,10,19,5),(4,'BMG','JULIANE MACIEL ','','ativo',5,10,19,5),(5,'TOMMY','VALÉRIA','','ativo',5,10,19,5),(6,'SESIPA','LIDI','','ativo',5,10,19,5),(7,'REDE CEM ','MONIQUE','','ativo',5,10,19,5),(8,'ORTOBOM','ANGELA','','ativo',5,10,19,5),(9,'SAO JOAO ','VANESSA','','ativo',5,10,19,5),(10,'COLOMBO CALÇADAO','JOANA ','','ativo',5,10,19,5),(11,'RADISON ','FELICIA','','ativo',5,10,19,5),(12,'ROMA ','SILVIA','','ativo',5,10,19,5),(13,'SEFFANY','SEFANY','','ativo',5,10,19,5),(14,'LOTÉRICA','MIRÉLI','','ativo',5,10,19,5),(15,'TATIELE','TATIELE','','ativo',5,10,19,5),(16,'DECIMAL ','NÉVERSON','','ativo',5,10,19,5),(17,'PM','SHEILA','','ativo',5,10,19,5),(18,'TUMELERO','MARISA','','ativo',5,10,19,5),(19,'SEA','SONIA','','ativo',5,10,19,5),(20,'VISAO','ROSANGELA','','ativo',5,10,19,5),(21,'JANAINA','JANAINA','','ativo',5,10,19,5),(22,'RBS','MARI ','','ativo',5,10,19,5);
/*!40000 ALTER TABLE `convenio` ENABLE KEYS */;
UNLOCK TABLES;

--
-- Table structure for table `empresa`
--

DROP TABLE IF EXISTS `empresa`;
/*!40101 SET @saved_cs_client     = @@character_set_client */;
/*!40101 SET character_set_client = utf8 */;
CREATE TABLE `empresa` (
  `idEmpresa` int(11) NOT NULL,
  `razaosocial` varchar(255) DEFAULT NULL,
  `fantasia` varchar(255) DEFAULT NULL,
  `cnpj` varchar(25) DEFAULT NULL,
  `endereco` varchar(255) DEFAULT NULL,
  `telefone` varchar(25) DEFAULT NULL,
  `cidade` varchar(45) DEFAULT NULL,
  `validanf` tinyint(4) DEFAULT '0',
  `bloqinadimplente` tinyint(4) DEFAULT '0',
  `bloqlimite` tinyint(4) DEFAULT '0',
  PRIMARY KEY (`idEmpresa`)
) ENGINE=InnoDB DEFAULT CHARSET=utf8;
/*!40101 SET character_set_client = @saved_cs_client */;

--
-- Dumping data for table `empresa`
--

LOCK TABLES `empresa` WRITE;
/*!40000 ALTER TABLE `empresa` DISABLE KEYS */;
INSERT INTO `empresa` VALUES (1,'LOLLIPOP','LOLLIPOP','15.676.601/0001-96','BENTO MARTINS 2916','5534144353','URUGUAIANA-RS',0,0,0);
/*!40000 ALTER TABLE `empresa` ENABLE KEYS */;
UNLOCK TABLES;

--
-- Table structure for table `estadocivil`
--

DROP TABLE IF EXISTS `estadocivil`;
/*!40101 SET @saved_cs_client     = @@character_set_client */;
/*!40101 SET character_set_client = utf8 */;
CREATE TABLE `estadocivil` (
  `idestadocivil` int(11) NOT NULL AUTO_INCREMENT,
  `descricao` varchar(45) DEFAULT NULL,
  PRIMARY KEY (`idestadocivil`)
) ENGINE=InnoDB AUTO_INCREMENT=6 DEFAULT CHARSET=utf8;
/*!40101 SET character_set_client = @saved_cs_client */;

--
-- Dumping data for table `estadocivil`
--

LOCK TABLES `estadocivil` WRITE;
/*!40000 ALTER TABLE `estadocivil` DISABLE KEYS */;
INSERT INTO `estadocivil` VALUES (1,'Solteiro(a)'),(2,'Casado(a)'),(3,'Divorciado(a)'),(4,'Viuvo(a)'),(5,'ND');
/*!40000 ALTER TABLE `estadocivil` ENABLE KEYS */;
UNLOCK TABLES;

--
-- Table structure for table `parcela`
--

DROP TABLE IF EXISTS `parcela`;
/*!40101 SET @saved_cs_client     = @@character_set_client */;
/*!40101 SET character_set_client = utf8 */;
CREATE TABLE `parcela` (
  `idparcela` int(11) NOT NULL AUTO_INCREMENT,
  `nrparcela` int(11) DEFAULT NULL,
  `idvenda` int(11) DEFAULT NULL,
  `valorparcela` float DEFAULT NULL,
  `vencimento` date DEFAULT NULL,
  `pago` tinyint(4) DEFAULT '0',
  `datapgto` date DEFAULT NULL,
  PRIMARY KEY (`idparcela`),
  KEY `fk_parcela_venda1_idx` (`idvenda`),
  CONSTRAINT `fk_parcela_venda1` FOREIGN KEY (`idvenda`) REFERENCES `venda` (`idvenda`) ON DELETE NO ACTION ON UPDATE NO ACTION
) ENGINE=InnoDB AUTO_INCREMENT=1633 DEFAULT CHARSET=utf8;
/*!40101 SET character_set_client = @saved_cs_client */;

--
-- Dumping data for table `parcela`
--

LOCK TABLES `parcela` WRITE;
/*!40000 ALTER TABLE `parcela` DISABLE KEYS */;
INSERT INTO `parcela` VALUES (240,1,74,32.7,'2021-10-10',1,'2021-10-20'),(241,2,74,32.7,'2021-11-10',0,NULL),(242,3,74,32.7,'2021-12-10',0,NULL),(243,4,74,32.7,'2022-01-10',0,NULL),(244,5,74,32.7,'2022-02-10',0,NULL),(245,1,75,59.96,'2021-10-10',1,'2021-10-20'),(246,2,75,59.96,'2021-11-10',0,NULL),(247,3,75,59.96,'2021-12-10',0,NULL),(248,4,75,59.96,'2022-01-10',0,NULL),(249,5,75,59.96,'2022-02-10',0,NULL),(250,1,76,74.8,'2021-08-10',1,'2021-10-20'),(251,2,76,74.8,'2021-09-10',1,'2021-10-20'),(252,3,76,74.8,'2021-10-10',1,'2021-10-20'),(253,4,76,74.8,'2021-11-10',0,NULL),(254,5,76,74.78,'2021-12-10',0,NULL),(255,1,77,43.06,'2021-08-10',1,'2021-10-20'),(256,2,77,43.06,'2021-09-10',1,'2021-10-20'),(257,3,77,43.06,'2021-10-10',1,'2021-10-20'),(258,4,77,43.06,'2021-11-10',0,NULL),(259,5,77,43.06,'2021-12-10',0,NULL),(260,1,78,24.95,'2021-10-10',1,'2021-10-20'),(261,2,78,24.95,'2021-11-10',0,NULL),(262,1,79,34,'2021-11-10',0,NULL),(263,2,79,34,'2021-12-10',0,NULL),(264,1,80,67.78,'2021-10-10',1,'2021-10-29'),(265,2,80,67.78,'2021-11-10',0,NULL),(266,3,80,67.78,'2021-12-10',0,NULL),(267,4,80,67.78,'2022-01-10',0,NULL),(268,5,80,67.78,'2022-02-10',0,NULL),(285,1,85,25.2,'2021-10-10',1,'2021-10-29'),(286,2,85,25.2,'2021-11-10',0,NULL),(287,3,85,25.2,'2021-12-10',0,NULL),(288,4,85,25.2,'2022-01-10',0,NULL),(289,5,85,25.2,'2022-02-10',0,NULL),(290,1,86,32.89,'2021-09-15',1,'2021-10-29'),(291,2,86,32.89,'2021-10-10',1,'2021-10-29'),(292,3,86,32.89,'2021-11-10',0,NULL),(293,4,86,32.89,'2021-12-10',0,NULL),(294,5,86,32.89,'2022-01-10',0,NULL),(295,1,87,27.8,'2021-12-10',0,NULL),(296,2,87,27.8,'2022-01-10',0,NULL),(297,3,87,27.8,'2022-02-10',0,NULL),(298,4,87,27.8,'2022-03-10',0,NULL),(299,5,87,27.8,'2022-04-10',0,NULL),(300,1,88,143.88,'2021-09-15',1,'2021-10-29'),(301,2,88,143.88,'2021-10-10',1,'2021-10-29'),(302,3,88,143.88,'2021-11-10',0,NULL),(303,4,88,143.88,'2021-12-10',0,NULL),(304,5,88,143.88,'2022-01-10',0,NULL),(305,1,89,39.96,'2021-11-10',0,NULL),(306,2,89,39.96,'2021-12-10',0,NULL),(307,3,89,39.96,'2022-01-10',0,NULL),(308,4,89,39.96,'2022-02-10',0,NULL),(309,5,89,39.96,'2022-03-10',0,NULL),(310,1,90,39.98,'2021-07-15',1,'2021-07-10'),(311,2,90,39.98,'2021-08-15',1,'2021-08-10'),(312,3,90,39.98,'2021-09-15',1,'2021-10-29'),(313,4,90,39.98,'2021-10-10',1,'2021-10-29'),(314,5,90,39.98,'2021-11-10',0,NULL),(315,1,91,103.94,'2021-10-10',1,'2021-10-29'),(316,2,91,103.94,'2021-11-10',0,NULL),(317,3,91,103.94,'2021-12-10',0,NULL),(318,4,91,103.94,'2022-01-10',0,NULL),(319,5,91,103.94,'2022-02-10',0,NULL),(320,1,92,39.98,'2021-10-10',1,'2021-10-29'),(321,2,92,39.98,'2021-11-10',0,NULL),(322,3,92,39.98,'2021-12-10',0,NULL),(323,4,92,39.98,'2022-01-10',0,NULL),(324,5,92,39.98,'2022-02-10',0,NULL),(325,1,93,53.73,'2021-11-10',0,NULL),(326,2,93,53.73,'2021-12-10',0,NULL),(327,3,93,53.73,'2022-01-10',0,NULL),(328,4,93,53.73,'2022-02-10',0,NULL),(329,5,93,53.73,'2022-03-10',0,NULL),(330,1,94,27.92,'2021-09-15',1,'2021-10-29'),(331,2,94,27.92,'2021-10-10',1,'2021-10-29'),(332,3,94,27.92,'2021-11-10',0,NULL),(333,4,94,27.92,'2021-12-10',0,NULL),(334,5,94,27.92,'2022-01-10',0,NULL),(335,1,95,12.99,'2021-09-15',1,'2021-10-29'),(336,2,95,12.99,'2021-10-10',1,'2021-10-29'),(337,3,95,12.99,'2021-11-10',0,NULL),(338,4,95,12.99,'2021-12-10',0,NULL),(339,5,95,12.99,'2022-01-10',0,NULL),(340,1,96,55.83,'2021-12-10',0,NULL),(341,2,96,55.83,'2022-01-10',0,NULL),(342,3,96,55.83,'2022-02-10',0,NULL),(343,4,96,55.83,'2022-03-10',0,NULL),(344,5,96,55.83,'2022-04-10',0,NULL),(345,1,97,55.83,'2021-09-15',1,'2021-10-29'),(346,2,97,55.83,'2021-10-10',1,'2021-10-29'),(347,3,97,55.83,'2021-11-10',0,NULL),(348,4,97,55.83,'2021-12-10',0,NULL),(349,5,97,55.83,'2022-01-10',0,NULL),(350,1,98,49.54,'2021-09-15',1,'2021-10-29'),(351,2,98,49.54,'2021-10-10',1,'2021-10-29'),(352,3,98,49.54,'2021-11-10',0,NULL),(353,4,98,49.54,'2021-12-10',0,NULL),(354,5,98,49.54,'2022-01-10',0,NULL),(355,1,99,41.98,'2021-08-15',1,'2021-08-10'),(356,2,99,41.98,'2021-09-15',1,'2021-10-29'),(357,3,99,41.98,'2021-10-10',1,'2021-10-29'),(358,4,99,41.98,'2021-11-10',0,NULL),(359,5,99,41.98,'2021-12-10',0,NULL),(360,1,100,69.14,'2021-08-15',1,'2021-08-10'),(361,2,100,69.14,'2021-09-15',1,'2021-10-29'),(362,3,100,69.14,'2021-10-10',1,'2021-10-29'),(363,4,100,69.14,'2021-11-10',0,NULL),(364,5,100,69.12,'2021-12-10',0,NULL),(375,1,103,134.21,'2021-11-10',0,NULL),(376,2,103,134.21,'2021-12-10',0,NULL),(377,3,103,134.21,'2022-01-10',0,NULL),(378,4,103,134.21,'2022-02-10',0,NULL),(379,5,103,134.21,'2022-03-10',0,NULL),(380,1,104,65.58,'2021-11-10',0,NULL),(381,2,104,65.58,'2021-12-10',0,NULL),(382,3,104,65.58,'2022-01-10',0,NULL),(383,4,104,65.58,'2022-02-10',0,NULL),(384,5,104,65.58,'2022-03-10',0,NULL),(390,1,106,37.98,'2021-11-10',0,NULL),(391,2,106,37.98,'2021-12-10',0,NULL),(392,3,106,37.98,'2022-01-10',0,NULL),(393,4,106,37.98,'2022-02-10',0,NULL),(394,5,106,37.98,'2022-03-10',0,NULL),(395,1,107,35.98,'2021-10-10',1,'2021-10-29'),(396,2,107,35.98,'2021-11-10',0,NULL),(397,3,107,35.98,'2021-12-10',0,NULL),(398,4,107,35.98,'2022-01-10',0,NULL),(399,5,107,35.98,'2022-02-10',0,NULL),(400,1,108,138.74,'2021-10-10',1,'2021-10-29'),(401,2,108,138.74,'2021-11-10',0,NULL),(402,3,108,138.74,'2021-12-10',0,NULL),(403,4,108,138.74,'2022-01-10',0,NULL),(404,5,108,138.74,'2022-02-10',0,NULL),(405,1,109,89.96,'2021-11-10',0,NULL),(406,1,110,143.12,'2021-10-10',1,'2021-10-29'),(407,2,110,143.12,'2021-11-10',0,NULL),(408,3,110,143.12,'2021-12-10',0,NULL),(409,4,110,143.12,'2022-01-10',0,NULL),(410,5,110,143.12,'2022-02-10',0,NULL),(411,1,111,40.7,'2021-09-10',1,'2021-10-29'),(412,2,111,40.7,'2021-10-10',1,'2021-10-29'),(413,3,111,40.7,'2021-11-10',0,NULL),(414,4,111,40.7,'2021-12-10',0,NULL),(415,5,111,40.7,'2022-01-10',0,NULL),(416,1,112,67.76,'2021-11-10',0,NULL),(417,2,112,67.76,'2021-12-10',0,NULL),(418,3,112,67.76,'2022-01-10',0,NULL),(419,4,112,67.76,'2022-02-10',0,NULL),(420,5,112,67.76,'2022-03-10',0,NULL),(423,1,114,29.98,'2021-10-10',1,'2021-10-29'),(424,2,114,29.97,'2021-11-10',0,NULL),(425,1,115,66,'2021-11-10',0,NULL),(426,1,116,66.78,'2021-11-10',0,NULL),(427,1,117,118.9,'2021-10-10',1,'2021-10-29'),(428,2,117,118.9,'2021-11-10',0,NULL),(429,3,117,118.9,'2021-12-10',0,NULL),(430,4,117,118.9,'2022-01-10',0,NULL),(431,5,117,118.9,'2022-02-10',0,NULL),(432,1,118,29.95,'2021-10-10',1,'2021-10-29'),(433,2,118,29.95,'2021-11-10',0,NULL),(434,1,119,35.98,'2021-11-10',0,NULL),(435,2,119,35.98,'2021-12-10',0,NULL),(436,3,119,35.98,'2022-01-10',0,NULL),(437,4,119,35.98,'2022-02-10',0,NULL),(438,5,119,35.98,'2022-03-10',0,NULL),(439,1,120,29.9,'2021-11-10',0,NULL),(440,2,120,29.9,'2021-12-10',0,NULL),(441,1,121,135.56,'2021-10-10',1,'2021-10-29'),(442,2,121,135.56,'2021-11-10',0,NULL),(443,3,121,135.56,'2021-12-10',0,NULL),(444,4,121,135.56,'2022-01-10',0,NULL),(445,5,121,135.56,'2022-02-10',0,NULL),(446,1,122,139.9,'2021-11-10',0,NULL),(447,1,123,43.78,'2021-09-10',1,'2021-10-29'),(448,2,123,43.78,'2021-10-10',1,'2021-10-29'),(449,3,123,43.78,'2021-11-10',0,NULL),(450,4,123,43.78,'2021-12-10',0,NULL),(451,5,123,43.78,'2022-01-10',0,NULL),(452,1,124,87.36,'2021-11-10',0,NULL),(453,2,124,87.36,'2021-12-10',0,NULL),(454,3,124,87.36,'2022-01-10',0,NULL),(455,4,124,87.36,'2022-02-10',0,NULL),(456,5,124,87.36,'2022-03-10',0,NULL),(457,1,125,162.56,'2021-10-10',1,'2021-10-29'),(458,2,125,162.56,'2021-11-10',0,NULL),(459,3,125,162.56,'2021-12-10',0,NULL),(460,4,125,162.56,'2022-01-10',0,NULL),(461,5,125,162.56,'2022-02-10',0,NULL),(472,1,128,33.98,'2021-10-10',1,'2021-10-29'),(473,2,128,33.98,'2021-11-10',0,NULL),(474,3,128,33.98,'2021-12-10',0,NULL),(475,4,128,33.98,'2022-01-10',0,NULL),(476,5,128,33.98,'2022-02-10',0,NULL),(477,1,129,14,'2021-11-10',1,'2021-10-23'),(478,2,129,14,'2021-12-10',0,NULL),(479,3,129,14,'2022-01-10',0,NULL),(480,4,129,14,'2022-02-10',0,NULL),(481,5,129,14,'2022-03-10',0,NULL),(482,1,130,36.56,'2021-11-10',1,'2021-10-23'),(483,1,131,23.8,'2021-10-10',1,'2021-10-29'),(484,2,131,23.8,'2021-11-10',1,'2021-10-23'),(485,3,131,23.8,'2021-12-10',0,NULL),(486,4,131,23.8,'2022-01-10',0,NULL),(487,5,131,23.8,'2022-02-10',0,NULL),(488,1,132,65.4,'2021-11-10',0,NULL),(489,2,132,65.4,'2021-12-10',0,NULL),(490,3,132,65.4,'2022-01-10',0,NULL),(491,4,132,65.4,'2022-02-10',0,NULL),(492,5,132,65.4,'2022-03-10',0,NULL),(493,1,133,183.54,'2021-12-10',0,NULL),(494,2,133,183.54,'2022-01-10',0,NULL),(495,3,133,183.54,'2022-02-10',0,NULL),(496,4,133,183.54,'2022-03-10',0,NULL),(497,5,133,183.54,'2022-04-10',0,NULL),(498,1,134,31.6,'2021-12-10',0,NULL),(499,2,134,31.6,'2022-01-10',0,NULL),(500,3,134,31.6,'2022-02-10',0,NULL),(501,1,135,96.94,'2021-11-10',0,NULL),(502,2,135,96.94,'2021-12-10',0,NULL),(503,3,135,96.94,'2022-01-10',0,NULL),(504,4,135,96.94,'2022-02-10',0,NULL),(505,5,135,96.94,'2022-03-10',0,NULL),(506,1,136,67.34,'2021-07-10',1,'2021-07-10'),(507,2,136,67.34,'2021-08-10',1,'2021-08-10'),(508,3,136,67.34,'2021-09-10',1,'2021-10-29'),(509,4,136,67.34,'2021-10-10',1,'2021-10-29'),(510,5,136,67.34,'2021-11-10',0,NULL),(516,1,138,34.99,'2021-08-10',1,'2021-08-10'),(517,2,138,34.99,'2021-09-10',1,'2021-10-29'),(518,3,138,34.99,'2021-10-10',1,'2021-10-29'),(519,4,138,34.99,'2021-11-10',0,NULL),(520,5,138,34.99,'2021-12-10',0,NULL),(522,1,140,69.96,'2021-10-10',1,'2021-10-29'),(523,2,140,69.96,'2021-11-10',0,NULL),(524,3,140,69.96,'2021-12-10',0,NULL),(525,4,140,69.96,'2022-01-10',0,NULL),(526,5,140,69.96,'2022-02-10',0,NULL),(527,1,141,42.48,'2021-10-10',1,'2021-10-29'),(528,2,141,42.48,'2021-11-10',0,NULL),(529,3,141,42.48,'2021-12-10',0,NULL),(530,4,141,42.46,'2022-01-10',0,NULL),(531,1,142,584.28,'2021-10-10',1,'2021-10-29'),(532,2,142,584.28,'2021-11-10',0,NULL),(533,3,142,584.28,'2021-12-10',0,NULL),(534,4,142,584.28,'2022-01-10',0,NULL),(535,5,142,584.28,'2022-02-10',0,NULL),(536,1,143,55.96,'2021-11-10',0,NULL),(537,2,143,55.96,'2021-12-10',0,NULL),(538,3,143,55.96,'2022-01-10',0,NULL),(539,4,143,55.96,'2022-02-10',0,NULL),(540,5,143,55.96,'2022-03-10',0,NULL),(541,1,144,51.94,'2021-09-10',1,'2021-10-29'),(542,2,144,51.94,'2021-10-10',1,'2021-10-29'),(543,3,144,51.94,'2021-11-10',0,NULL),(544,4,144,51.94,'2021-12-10',0,NULL),(545,5,144,51.94,'2022-01-10',0,NULL),(546,1,145,61.9,'2021-09-10',1,'2021-10-29'),(547,2,145,61.9,'2021-10-10',1,'2021-10-29'),(548,3,145,61.9,'2021-11-10',0,NULL),(549,4,145,61.9,'2021-12-10',0,NULL),(550,5,145,61.9,'2022-01-10',0,NULL),(551,1,146,456.1,'2021-12-10',0,NULL),(552,2,146,456.1,'2022-01-10',0,NULL),(553,3,146,456.1,'2022-02-10',0,NULL),(554,4,146,456.1,'2022-03-10',0,NULL),(555,5,146,456.1,'2022-04-10',0,NULL),(556,6,146,456.1,'2022-05-10',0,NULL),(557,1,147,45.6,'2021-10-10',1,'2021-10-29'),(558,2,147,45.6,'2021-11-10',0,NULL),(559,3,147,45.6,'2021-12-10',0,NULL),(560,1,148,46.63,'2021-11-10',0,NULL),(561,1,149,22.48,'2021-10-10',1,'2021-10-29'),(562,2,149,22.48,'2021-11-10',0,NULL),(563,3,149,22.48,'2021-12-10',0,NULL),(564,4,149,22.46,'2022-01-10',0,NULL),(565,1,150,91.94,'2021-10-10',1,'2021-10-29'),(566,2,150,91.94,'2021-11-10',0,NULL),(567,3,150,91.94,'2021-12-10',0,NULL),(568,4,150,91.94,'2022-01-10',0,NULL),(569,5,150,91.94,'2022-02-10',0,NULL),(570,1,151,487.1,'2021-10-10',1,'2021-10-29'),(571,2,151,487.1,'2021-11-10',0,NULL),(572,3,151,487.1,'2021-12-10',0,NULL),(573,4,151,487.1,'2022-01-10',0,NULL),(574,5,151,487.11,'2022-02-10',0,NULL),(575,1,152,55.6,'2021-11-10',0,NULL),(576,2,152,55.6,'2021-12-10',0,NULL),(577,3,152,55.6,'2022-01-10',0,NULL),(578,4,152,55.6,'2022-02-10',0,NULL),(579,5,152,55.6,'2022-03-10',0,NULL),(580,1,153,37.96,'2021-11-10',0,NULL),(581,2,153,37.96,'2021-12-10',0,NULL),(582,3,153,37.96,'2022-01-10',0,NULL),(583,4,153,37.96,'2022-02-10',0,NULL),(584,5,153,37.96,'2022-03-10',0,NULL),(585,1,154,97,'2021-11-10',0,NULL),(586,1,155,49.97,'2021-11-10',0,NULL),(587,2,155,49.97,'2021-12-10',0,NULL),(588,3,155,49.96,'2022-01-10',0,NULL),(589,1,156,65.76,'2021-11-10',0,NULL),(590,2,156,65.76,'2021-12-10',0,NULL),(591,3,156,65.76,'2022-01-10',0,NULL),(592,4,156,65.76,'2022-02-10',0,NULL),(593,5,156,65.76,'2022-03-10',0,NULL),(594,1,157,39.98,'2021-11-10',0,NULL),(595,1,158,38.8,'2021-11-10',0,NULL),(596,1,159,27.98,'2021-11-10',0,NULL),(597,1,160,83.13,'2021-11-10',0,NULL),(598,1,161,33.98,'2021-10-10',1,'2021-10-29'),(599,2,161,33.98,'2021-11-10',0,NULL),(600,3,161,33.98,'2021-12-10',0,NULL),(601,4,161,33.98,'2022-01-10',0,NULL),(602,5,161,33.98,'2022-02-10',0,NULL),(603,1,162,482.88,'2021-11-10',0,NULL),(604,2,162,482.88,'2021-12-10',0,NULL),(605,3,162,482.88,'2022-01-10',0,NULL),(606,4,162,482.88,'2022-02-10',0,NULL),(607,5,162,482.88,'2022-03-10',0,NULL),(608,1,163,33.98,'2021-11-10',0,NULL),(609,2,163,33.98,'2021-12-10',0,NULL),(610,3,163,33.98,'2022-01-10',0,NULL),(611,4,163,33.98,'2022-02-10',0,NULL),(612,5,163,33.98,'2022-03-10',0,NULL),(613,1,164,33.98,'2021-10-10',1,'2021-10-29'),(614,2,164,33.98,'2021-11-10',0,NULL),(615,3,164,33.98,'2021-12-10',0,NULL),(616,4,164,33.98,'2022-01-10',0,NULL),(617,5,164,33.98,'2022-02-10',0,NULL),(618,1,165,35.98,'2021-10-10',1,'2021-10-29'),(619,2,165,35.98,'2021-11-10',0,NULL),(620,3,165,35.98,'2021-12-10',0,NULL),(621,4,165,35.98,'2022-01-10',0,NULL),(622,5,165,35.98,'2022-02-10',0,NULL),(623,1,166,69.98,'2021-10-10',1,'2021-10-29'),(624,2,166,69.98,'2021-11-10',0,NULL),(625,1,167,225.7,'2021-10-10',1,'2021-10-29'),(626,1,168,29.95,'2021-10-10',1,'2021-10-29'),(627,1,169,43.68,'2021-10-10',1,'2021-10-29'),(628,1,170,39,'2021-11-10',0,NULL),(629,2,170,39,'2021-12-10',0,NULL),(630,3,170,39,'2022-01-10',0,NULL),(631,4,170,39,'2022-02-10',0,NULL),(632,5,170,39,'2022-03-10',0,NULL),(633,1,171,214.36,'2021-12-10',0,NULL),(634,2,171,214.36,'2022-01-10',0,NULL),(635,3,171,214.36,'2022-02-10',0,NULL),(636,4,171,214.36,'2022-03-10',0,NULL),(637,5,171,214.36,'2022-04-10',0,NULL),(643,1,173,58.78,'2021-11-10',0,NULL),(644,2,173,58.78,'2021-12-10',0,NULL),(645,3,173,58.78,'2022-01-10',0,NULL),(646,4,173,58.78,'2022-02-10',0,NULL),(647,5,173,58.78,'2022-03-10',0,NULL),(648,1,174,139.5,'2021-09-10',1,'2021-10-29'),(649,1,175,132.93,'2021-11-10',0,NULL),(650,2,175,132.93,'2021-12-10',0,NULL),(651,3,175,132.94,'2022-01-10',0,NULL),(652,1,176,51.96,'2021-06-10',0,NULL),(653,2,176,51.96,'2021-07-10',0,NULL),(654,3,176,51.96,'2021-08-10',0,NULL),(655,4,176,51.96,'2021-09-10',0,NULL),(656,5,176,51.96,'2021-10-10',1,NULL),(657,1,177,452.38,'2021-06-10',0,NULL),(658,2,177,452.38,'2021-07-10',0,NULL),(659,3,177,452.38,'2021-08-10',0,NULL),(660,4,177,452.38,'2021-09-10',0,NULL),(661,5,177,452.38,'2021-10-10',1,'2021-10-29'),(662,1,178,35.98,'2021-11-10',0,NULL),(663,2,178,35.98,'2021-12-10',0,NULL),(664,3,178,35.98,'2022-01-10',0,NULL),(665,4,178,35.98,'2022-02-10',0,NULL),(666,5,178,35.98,'2022-03-10',0,NULL),(667,1,179,76.24,'2021-11-10',0,NULL),(668,2,179,76.24,'2021-12-10',0,NULL),(669,3,179,76.24,'2022-01-10',0,NULL),(670,4,179,76.24,'2022-02-10',0,NULL),(671,5,179,76.24,'2022-03-10',0,NULL),(672,1,180,64.3,'2021-10-10',0,NULL),(673,1,181,30.98,'2021-11-10',0,NULL),(674,2,181,30.98,'2021-12-10',0,NULL),(675,3,181,30.98,'2022-01-10',0,NULL),(676,4,181,30.98,'2022-02-10',0,NULL),(677,5,181,30.98,'2022-03-10',0,NULL),(678,1,182,32,'2021-10-10',1,'2021-10-29'),(679,1,183,44.78,'2021-11-10',0,NULL),(680,2,183,44.78,'2021-12-10',0,NULL),(681,3,183,44.78,'2022-01-10',0,NULL),(682,4,183,44.78,'2022-02-10',0,NULL),(683,5,183,44.78,'2022-03-10',0,NULL),(684,1,184,77.78,'2021-11-10',0,NULL),(685,2,184,77.78,'2021-12-10',0,NULL),(686,3,184,77.78,'2022-01-10',0,NULL),(687,4,184,77.78,'2022-02-10',0,NULL),(688,5,184,77.78,'2022-03-10',0,NULL),(689,1,185,41.94,'2021-09-10',1,'2021-10-29'),(690,2,185,41.94,'2021-10-10',1,'2021-10-29'),(691,3,185,41.94,'2021-11-10',0,NULL),(692,4,185,41.94,'2021-12-10',0,NULL),(693,5,185,41.94,'2022-01-10',0,NULL),(694,1,186,53.78,'2021-11-10',0,NULL),(695,1,187,84,'2021-11-10',0,NULL),(696,2,187,84,'2021-12-10',0,NULL),(697,3,187,84,'2022-01-10',0,NULL),(698,4,187,84,'2022-02-10',0,NULL),(699,5,187,84,'2022-03-10',0,NULL),(700,1,188,63.49,'2021-09-10',1,'2021-10-29'),(701,2,188,63.49,'2021-10-10',1,'2021-10-29'),(702,3,188,63.49,'2021-11-10',0,NULL),(703,4,188,63.49,'2021-12-10',0,NULL),(704,5,188,63.49,'2022-01-10',0,NULL),(707,1,190,39.18,'2021-11-10',0,NULL),(708,2,190,39.18,'2021-12-10',0,NULL),(709,1,191,84,'2021-11-10',0,NULL),(710,2,191,84,'2021-12-10',0,NULL),(711,1,192,39.98,'2021-11-10',0,NULL),(712,1,193,53.98,'2021-11-10',0,NULL),(713,1,194,48.34,'2021-11-10',0,NULL),(714,2,194,48.34,'2021-12-10',0,NULL),(715,3,194,48.34,'2022-01-10',0,NULL),(716,4,194,48.34,'2022-02-10',0,NULL),(717,5,194,48.33,'2022-03-10',0,NULL),(718,1,195,79.94,'2021-11-10',0,NULL),(719,2,195,79.94,'2021-12-10',0,NULL),(720,3,195,79.94,'2022-01-10',0,NULL),(721,4,195,79.94,'2022-02-10',0,NULL),(722,5,195,79.94,'2022-03-10',0,NULL),(723,1,196,49.94,'2021-11-10',0,NULL),(724,2,196,49.94,'2021-12-10',0,NULL),(725,3,196,49.94,'2022-01-10',0,NULL),(726,4,196,49.94,'2022-02-10',0,NULL),(727,5,196,49.94,'2022-03-10',0,NULL),(728,1,197,39.96,'2021-11-10',0,NULL),(729,2,197,39.96,'2021-12-10',0,NULL),(730,3,197,39.96,'2022-01-10',0,NULL),(731,4,197,39.96,'2022-02-10',0,NULL),(732,5,197,39.96,'2022-03-10',0,NULL),(733,1,198,43.96,'2021-10-10',1,'2021-10-29'),(734,1,199,84.4,'2021-11-10',0,NULL),(735,2,199,84.4,'2021-12-10',0,NULL),(736,3,199,84.4,'2022-01-10',0,NULL),(737,4,199,84.4,'2022-02-10',0,NULL),(738,5,199,84.4,'2022-03-10',0,NULL),(739,1,200,145.92,'2021-09-10',0,NULL),(740,1,201,157.88,'2021-09-10',0,NULL),(741,1,202,34.17,'2021-11-10',0,NULL),(742,1,203,77.14,'2021-11-10',0,NULL),(743,1,204,139.34,'2021-10-10',1,'2021-10-29'),(744,2,204,139.34,'2021-11-10',0,NULL),(745,3,204,139.34,'2021-12-10',0,NULL),(746,4,204,139.34,'2022-01-10',0,NULL),(747,5,204,139.34,'2022-02-10',0,NULL),(748,1,205,31.98,'2021-10-10',1,'2021-10-29'),(749,1,206,93.16,'2021-10-10',1,'2021-10-29'),(750,1,207,29.98,'2021-11-10',0,NULL),(751,2,207,29.98,'2021-12-10',0,NULL),(752,3,207,29.98,'2022-01-10',0,NULL),(753,4,207,29.98,'2022-02-10',0,NULL),(754,5,207,29.98,'2022-03-10',0,NULL),(755,1,208,159.48,'2021-11-10',0,NULL),(756,2,208,159.48,'2021-12-10',0,NULL),(757,3,208,159.48,'2022-01-10',0,NULL),(758,4,208,159.48,'2022-02-10',0,NULL),(759,5,208,159.48,'2022-03-10',0,NULL),(760,1,209,32.47,'2021-11-10',0,NULL),(761,2,209,32.47,'2021-12-10',0,NULL),(762,3,209,32.46,'2022-01-10',0,NULL),(763,1,210,41.98,'2021-11-10',0,NULL),(764,1,211,34.56,'2021-11-10',0,NULL),(765,1,212,32.94,'2021-10-10',1,'2021-10-29'),(766,2,212,32.94,'2021-11-10',0,NULL),(767,3,212,32.94,'2021-12-10',0,NULL),(768,4,212,32.94,'2022-01-10',0,NULL),(769,5,212,32.94,'2022-02-10',0,NULL),(770,1,213,31.98,'2021-10-10',1,'2021-10-29'),(771,2,213,31.98,'2021-11-10',0,NULL),(772,3,213,31.98,'2021-12-10',0,NULL),(773,4,213,31.98,'2022-01-10',0,NULL),(774,5,213,31.98,'2022-02-10',0,NULL),(775,1,214,65.56,'2021-11-10',0,NULL),(776,2,214,65.56,'2021-12-10',0,NULL),(777,3,214,65.56,'2022-01-10',0,NULL),(778,4,214,65.56,'2022-02-10',0,NULL),(779,5,214,65.56,'2022-03-10',0,NULL),(780,1,215,46.8,'2021-11-10',0,NULL),(781,2,215,46.8,'2021-12-10',0,NULL),(782,3,215,46.8,'2022-01-10',0,NULL),(783,4,215,46.8,'2022-02-10',0,NULL),(784,5,215,46.8,'2022-03-10',0,NULL),(790,1,217,168.34,'2021-10-10',1,'2021-10-29'),(791,2,217,168.34,'2021-11-10',0,NULL),(792,3,217,168.34,'2021-12-10',0,NULL),(793,4,217,168.34,'2022-01-10',0,NULL),(794,5,217,168.34,'2022-02-10',0,NULL),(795,1,218,36.63,'2021-09-10',1,'2021-10-29'),(796,2,218,36.63,'2021-10-10',1,'2021-10-29'),(797,3,218,36.64,'2021-11-10',0,NULL),(798,1,219,26.63,'2021-11-10',0,NULL),(799,1,220,34.95,'2021-11-10',0,NULL),(800,1,221,40.78,'2021-11-10',0,NULL),(801,1,222,132.93,'2021-10-10',1,'2021-10-29'),(802,2,222,132.93,'2021-11-10',0,NULL),(803,3,222,132.94,'2021-12-10',0,NULL),(804,1,223,31.98,'2021-10-10',1,'2021-10-29'),(805,2,223,31.98,'2021-11-10',0,NULL),(806,3,223,31.98,'2021-12-10',0,NULL),(807,4,223,31.98,'2022-01-10',0,NULL),(808,5,223,31.98,'2022-02-10',0,NULL),(809,1,224,50.88,'2021-11-10',0,NULL),(810,2,224,50.88,'2021-12-10',0,NULL),(811,1,225,59.9,'2021-09-10',0,NULL),(812,1,226,81.86,'2021-10-10',0,NULL),(813,2,226,81.86,'2021-11-10',0,NULL),(814,3,226,81.86,'2021-12-10',0,NULL),(815,1,227,20.95,'2021-11-10',0,NULL),(816,1,228,48.97,'2021-11-10',0,NULL),(817,2,228,48.97,'2021-12-10',0,NULL),(818,3,228,48.97,'2022-01-10',0,NULL),(819,4,228,48.97,'2022-02-10',0,NULL),(820,5,228,48.97,'2022-03-10',0,NULL),(821,1,229,53.17,'2021-11-10',0,NULL),(822,2,229,53.17,'2021-12-10',0,NULL),(823,3,229,53.17,'2022-01-10',0,NULL),(824,4,229,53.17,'2022-02-10',0,NULL),(825,5,229,53.16,'2022-03-10',0,NULL),(826,1,230,154.9,'2021-10-10',1,'2021-10-29'),(827,1,231,35.98,'2021-10-10',1,'2021-10-29'),(828,2,231,35.98,'2021-11-10',0,NULL),(829,3,231,35.98,'2021-12-10',0,NULL),(830,4,231,35.98,'2022-01-10',0,NULL),(831,5,231,35.98,'2022-02-10',0,NULL),(832,1,232,59.78,'2021-10-10',1,'2021-10-29'),(833,2,232,59.78,'2021-11-10',0,NULL),(834,3,232,59.78,'2021-12-10',0,NULL),(835,4,232,59.78,'2022-01-10',0,NULL),(836,5,232,59.78,'2022-02-10',0,NULL),(837,1,233,75.96,'2021-06-10',0,NULL),(838,2,233,75.96,'2021-07-10',0,NULL),(839,3,233,75.96,'2021-08-10',1,'2021-10-29'),(840,4,233,75.96,'2021-09-10',0,NULL),(841,5,233,75.96,'2021-10-10',0,NULL),(847,1,235,179.95,'2021-06-10',0,NULL),(848,2,235,179.95,'2021-07-10',0,NULL),(849,3,235,179.95,'2021-08-10',0,NULL),(850,4,235,179.95,'2021-09-10',0,NULL),(851,5,235,179.95,'2021-10-10',0,NULL),(852,1,236,41.98,'2021-11-10',0,NULL),(853,2,236,41.98,'2021-12-10',0,NULL),(854,3,236,41.98,'2022-01-10',0,NULL),(855,1,237,58.8,'2021-11-10',0,NULL),(856,1,238,106.08,'2021-12-10',0,NULL),(857,2,238,106.08,'2022-01-10',0,NULL),(858,3,238,106.08,'2022-02-10',0,NULL),(859,4,238,106.08,'2022-03-10',0,NULL),(860,5,238,106.08,'2022-04-10',0,NULL),(861,1,239,238.06,'2021-11-10',0,NULL),(862,1,240,157.03,'2021-11-10',0,NULL),(863,2,240,157.03,'2021-12-10',0,NULL),(864,1,241,40.46,'2021-11-10',0,NULL),(865,1,242,39.99,'2021-11-10',0,NULL),(866,2,242,39.99,'2021-12-10',0,NULL),(867,3,242,39.99,'2022-01-10',0,NULL),(868,4,242,39.99,'2022-02-10',0,NULL),(869,1,243,25.98,'2021-11-10',0,NULL),(870,2,243,25.98,'2021-12-10',0,NULL),(871,3,243,25.98,'2022-01-10',0,NULL),(872,4,243,25.98,'2022-02-10',0,NULL),(873,5,243,25.98,'2022-03-10',0,NULL),(874,1,244,190.76,'2021-11-10',0,NULL),(875,2,244,190.76,'2021-12-10',0,NULL),(876,3,244,190.76,'2022-01-10',0,NULL),(877,4,244,190.76,'2022-02-10',0,NULL),(878,5,244,190.74,'2022-03-10',0,NULL),(879,1,245,78.36,'2021-11-10',0,NULL),(880,2,245,78.36,'2021-12-10',0,NULL),(881,3,245,78.36,'2022-01-10',0,NULL),(882,4,245,78.36,'2022-02-10',0,NULL),(883,5,245,78.36,'2022-03-10',0,NULL),(884,1,246,33.98,'2021-11-10',0,NULL),(885,1,247,72.5,'2021-11-10',0,NULL),(886,1,248,27.98,'2021-11-10',0,NULL),(887,2,248,27.98,'2021-12-10',0,NULL),(888,1,249,61.94,'2021-11-10',0,NULL),(889,2,249,61.94,'2021-12-10',0,NULL),(890,3,249,61.94,'2022-01-10',0,NULL),(891,4,249,61.94,'2022-02-10',0,NULL),(892,5,249,61.94,'2022-03-10',0,NULL),(902,1,252,103.74,'2021-11-10',0,NULL),(903,1,253,49.96,'2021-11-10',0,NULL),(904,2,253,49.96,'2021-12-10',0,NULL),(905,1,254,75.96,'2021-11-10',0,NULL),(906,2,254,75.96,'2021-12-10',0,NULL),(907,3,254,75.96,'2022-01-10',0,NULL),(908,4,254,75.96,'2022-02-10',0,NULL),(909,5,254,75.96,'2022-03-10',0,NULL),(910,1,255,35,'2021-11-10',1,'2021-10-28'),(911,1,256,44,'2021-11-10',1,'2021-10-28'),(912,2,256,44,'2021-12-10',0,NULL),(913,1,257,75.96,'2021-11-10',0,NULL),(914,2,257,75.96,'2021-12-10',0,NULL),(915,3,257,75.96,'2022-01-10',0,NULL),(916,4,257,75.96,'2022-02-10',0,NULL),(917,5,257,75.96,'2022-03-10',0,NULL),(918,1,258,39.96,'2021-11-10',0,NULL),(919,2,258,39.96,'2021-12-10',0,NULL),(920,3,258,39.96,'2022-01-10',0,NULL),(921,4,258,39.96,'2022-02-10',0,NULL),(922,5,258,39.96,'2022-03-10',0,NULL),(923,1,259,152.23,'2021-11-10',0,NULL),(924,2,259,152.23,'2021-12-10',0,NULL),(925,3,259,152.24,'2022-01-10',0,NULL),(926,1,260,33.98,'2021-11-10',0,NULL),(927,2,260,33.98,'2021-12-10',0,NULL),(928,3,260,33.98,'2022-01-10',0,NULL),(929,4,260,33.98,'2022-02-10',0,NULL),(930,5,260,33.98,'2022-03-10',0,NULL),(931,1,261,29,'2021-12-10',0,NULL),(932,2,261,29,'2022-01-10',0,NULL),(933,1,262,74.2,'2021-12-10',0,NULL),(934,2,262,74.2,'2022-01-10',0,NULL),(935,3,262,74.2,'2022-02-10',0,NULL),(936,4,262,74.2,'2022-03-10',0,NULL),(937,5,262,74.2,'2022-04-10',0,NULL),(938,1,263,47.8,'2021-12-10',0,NULL),(939,2,263,47.8,'2022-01-10',0,NULL),(940,3,263,47.8,'2022-02-10',0,NULL),(941,4,263,47.8,'2022-03-10',0,NULL),(942,5,263,47.8,'2022-04-10',0,NULL),(943,1,264,115.93,'2021-10-10',1,'2021-10-29'),(944,1,265,174.87,'2021-10-10',1,'2021-10-29'),(945,2,265,174.87,'2021-11-10',0,NULL),(946,3,265,174.86,'2021-12-10',0,NULL),(947,1,266,56.63,'2021-10-10',1,'2021-10-29'),(948,2,266,56.63,'2021-11-10',0,NULL),(949,1,267,40.33,'2021-10-10',1,'2021-10-29'),(950,2,267,40.33,'2021-11-10',0,NULL),(951,1,268,136.34,'2021-10-10',1,'2021-10-29'),(952,1,269,37,'2021-12-10',0,NULL),(953,1,270,21.67,'2021-11-10',0,NULL),(954,2,270,21.67,'2021-12-10',0,NULL),(955,3,270,21.66,'2022-01-10',0,NULL),(956,1,271,58.58,'2021-11-10',0,NULL),(957,2,271,58.58,'2021-12-10',0,NULL),(958,3,271,58.58,'2022-01-10',0,NULL),(959,4,271,58.58,'2022-02-10',0,NULL),(960,5,271,58.58,'2022-03-10',0,NULL),(961,1,272,124,'2021-11-10',0,NULL),(962,2,272,124,'2021-12-10',0,NULL),(963,3,272,124,'2022-01-10',0,NULL),(964,4,272,124,'2022-02-10',0,NULL),(965,5,272,124,'2022-03-10',0,NULL),(966,1,273,124.34,'2021-11-10',0,NULL),(967,1,274,67.74,'2021-11-10',0,NULL),(968,1,275,33.96,'2021-11-10',0,NULL),(969,2,275,33.96,'2021-12-10',0,NULL),(970,1,276,40.77,'2021-11-10',0,NULL),(971,2,276,40.77,'2021-12-10',0,NULL),(972,1,277,86.94,'2021-11-10',0,NULL),(973,2,277,86.94,'2021-12-10',0,NULL),(974,3,277,86.94,'2022-01-10',0,NULL),(975,4,277,86.94,'2022-02-10',0,NULL),(976,5,277,86.94,'2022-03-10',0,NULL),(977,1,278,176.54,'2021-11-10',0,NULL),(978,2,278,176.54,'2021-12-10',0,NULL),(979,1,279,25.98,'2021-11-10',0,NULL),(980,2,279,25.98,'2021-12-10',0,NULL),(981,1,280,27.96,'2021-11-10',0,NULL),(982,2,280,27.96,'2021-12-10',0,NULL),(983,1,281,24.39,'2021-11-10',0,NULL),(984,2,281,24.39,'2021-12-10',0,NULL),(988,1,283,89.76,'2021-11-10',0,NULL),(989,2,283,89.76,'2021-12-10',0,NULL),(990,3,283,89.76,'2022-01-10',0,NULL),(991,1,284,53.54,'2021-11-10',0,NULL),(992,2,284,53.54,'2021-12-10',0,NULL),(993,3,284,53.54,'2022-01-10',0,NULL),(994,4,284,53.54,'2022-02-10',0,NULL),(995,5,284,53.54,'2022-03-10',0,NULL),(996,1,285,33.5,'2021-11-10',0,NULL),(997,1,286,25.9,'2021-11-10',0,NULL),(998,2,286,25.9,'2021-12-10',0,NULL),(999,1,287,63.76,'2021-11-10',0,NULL),(1000,2,287,63.76,'2021-12-10',0,NULL),(1001,3,287,63.76,'2022-01-10',0,NULL),(1002,4,287,63.76,'2022-02-10',0,NULL),(1003,1,288,45.06,'2021-12-10',0,NULL),(1004,2,288,45.06,'2022-01-10',0,NULL),(1005,3,288,45.06,'2022-02-10',0,NULL),(1006,4,288,45.06,'2022-03-10',0,NULL),(1007,5,288,45.06,'2022-04-10',0,NULL),(1008,1,289,33.98,'2021-11-10',0,NULL),(1009,2,289,33.98,'2021-12-10',0,NULL),(1010,3,289,33.98,'2022-01-10',0,NULL),(1011,4,289,33.98,'2022-02-10',0,NULL),(1012,1,290,77.74,'2021-11-10',0,NULL),(1013,2,290,77.74,'2021-12-10',0,NULL),(1014,1,291,73.84,'2021-11-10',0,NULL),(1015,2,291,73.84,'2021-12-10',0,NULL),(1016,3,291,73.84,'2022-01-10',0,NULL),(1017,1,292,41.98,'2021-11-10',0,NULL),(1018,1,293,46.77,'2021-11-10',1,'2021-10-29'),(1019,2,293,46.77,'2021-12-10',0,NULL),(1020,3,293,46.77,'2022-01-10',0,NULL),(1025,1,296,146.8,'2021-10-10',0,NULL),(1026,2,296,146.8,'2021-11-10',0,NULL),(1027,1,297,25.98,'2021-10-10',0,NULL),(1028,2,297,25.98,'2021-11-10',0,NULL),(1029,1,298,44.98,'2021-12-10',0,NULL),(1030,2,298,44.98,'2022-01-10',0,NULL),(1031,3,298,44.98,'2022-02-10',0,NULL),(1032,4,298,44.96,'2022-03-10',0,NULL),(1033,1,299,49.98,'2021-12-10',0,NULL),(1034,2,299,49.98,'2022-01-10',0,NULL),(1035,3,299,49.98,'2022-02-10',0,NULL),(1036,4,299,49.96,'2022-03-10',0,NULL),(1037,1,300,57.66,'2021-11-10',0,NULL),(1038,1,301,70.4,'2021-11-10',0,NULL),(1039,2,301,70.4,'2021-12-10',0,NULL),(1040,3,301,70.4,'2022-01-10',0,NULL),(1041,1,302,24.6,'2021-11-10',0,NULL),(1042,2,302,24.6,'2021-12-10',0,NULL),(1043,3,302,24.6,'2022-01-10',0,NULL),(1044,4,302,24.6,'2022-02-10',0,NULL),(1045,1,303,24.6,'2021-11-10',0,NULL),(1046,2,303,24.6,'2021-12-10',0,NULL),(1047,3,303,24.6,'2022-01-10',0,NULL),(1048,1,304,38.14,'2021-11-10',0,NULL),(1049,2,304,38.14,'2021-12-10',0,NULL),(1050,3,304,38.14,'2022-01-10',0,NULL),(1051,4,304,38.14,'2022-02-10',0,NULL),(1052,5,304,38.14,'2022-03-10',0,NULL),(1053,1,305,40.1,'2021-11-10',0,NULL),(1054,2,305,40.1,'2021-12-10',0,NULL),(1055,3,305,40.1,'2022-01-10',0,NULL),(1056,4,305,40.1,'2022-02-10',0,NULL),(1057,1,306,27.96,'2021-11-10',0,NULL),(1058,2,306,27.96,'2021-12-10',0,NULL),(1059,1,307,70,'2021-11-10',0,NULL),(1060,2,307,70,'2021-12-10',0,NULL),(1061,1,308,37.8,'2021-12-10',0,NULL),(1062,2,308,37.8,'2022-01-10',0,NULL),(1063,3,308,37.8,'2022-02-10',0,NULL),(1064,4,308,37.8,'2022-03-10',0,NULL),(1065,5,308,37.8,'2022-04-10',0,NULL),(1066,1,309,19.95,'2021-11-10',0,NULL),(1067,2,309,19.95,'2021-12-10',0,NULL),(1068,1,310,29.94,'2021-11-10',0,NULL),(1069,2,310,29.94,'2021-12-10',0,NULL),(1070,3,310,29.94,'2022-01-10',0,NULL),(1071,4,310,29.94,'2022-02-10',0,NULL),(1072,1,311,43.9,'2021-11-10',0,NULL),(1073,1,312,52.29,'2021-11-10',0,NULL),(1074,2,312,52.29,'2021-12-10',0,NULL),(1075,1,313,33.98,'2021-11-10',0,NULL),(1076,2,313,33.98,'2021-12-10',0,NULL),(1077,3,313,33.98,'2022-01-10',0,NULL),(1078,1,314,71.44,'2021-11-10',0,NULL),(1079,2,314,71.44,'2021-12-10',0,NULL),(1080,1,315,82.9,'2021-11-10',0,NULL),(1081,1,316,111.62,'2021-11-10',0,NULL),(1082,2,316,111.62,'2021-12-10',0,NULL),(1083,3,316,111.62,'2022-01-10',0,NULL),(1084,4,316,111.62,'2022-02-10',0,NULL),(1085,1,317,105.2,'2021-12-10',0,NULL),(1086,2,317,105.2,'2022-01-10',0,NULL),(1087,3,317,105.2,'2022-02-10',0,NULL),(1088,4,317,105.2,'2022-03-10',0,NULL),(1089,5,317,105.2,'2022-04-10',0,NULL),(1090,1,318,49.85,'2021-11-10',0,NULL),(1091,2,318,49.85,'2021-12-10',0,NULL),(1092,1,319,37.8,'2021-11-10',0,NULL),(1093,2,319,37.8,'2021-12-10',0,NULL),(1094,3,319,37.8,'2022-01-10',0,NULL),(1095,4,319,37.8,'2022-02-10',0,NULL),(1096,5,319,37.8,'2022-03-10',0,NULL),(1097,1,320,42.49,'2021-11-10',0,NULL),(1098,2,320,42.49,'2021-12-10',0,NULL),(1099,3,320,42.49,'2022-01-10',0,NULL),(1100,4,320,42.49,'2022-02-10',0,NULL),(1101,1,321,59.82,'2021-11-10',0,NULL),(1102,2,321,59.82,'2021-12-10',0,NULL),(1103,3,321,59.82,'2022-01-10',0,NULL),(1104,1,322,28,'2021-11-10',0,NULL),(1105,2,322,28,'2021-12-10',0,NULL),(1106,1,323,107.5,'2021-11-10',0,NULL),(1107,2,323,107.5,'2021-12-10',0,NULL),(1108,1,324,39.98,'2021-11-10',0,NULL),(1109,2,324,39.98,'2021-12-10',0,NULL),(1110,3,324,39.98,'2022-01-10',0,NULL),(1111,4,324,39.98,'2022-02-10',0,NULL),(1112,5,324,39.98,'2022-03-10',0,NULL),(1113,1,325,64.68,'2021-11-10',0,NULL),(1114,2,325,64.68,'2021-12-10',0,NULL),(1115,3,325,64.68,'2022-01-10',0,NULL),(1117,1,327,73.74,'2021-11-10',0,NULL),(1118,1,328,33.98,'2021-11-10',0,NULL),(1119,2,328,33.98,'2021-12-10',0,NULL),(1120,3,328,33.98,'2022-01-10',0,NULL),(1121,1,329,74.95,'2021-11-10',0,NULL),(1122,1,330,187.27,'2021-11-10',0,NULL),(1123,2,330,187.27,'2021-12-10',0,NULL),(1124,3,330,187.27,'2022-01-10',0,NULL),(1125,1,331,110.9,'2021-11-10',0,NULL),(1126,2,331,110.9,'2021-12-10',0,NULL),(1127,3,331,110.9,'2022-01-10',0,NULL),(1128,4,331,110.9,'2022-02-10',0,NULL),(1129,5,331,110.9,'2022-03-10',0,NULL),(1130,1,332,134.4,'2021-12-10',0,NULL),(1131,2,332,134.4,'2022-01-10',0,NULL),(1132,1,333,57.08,'2021-11-10',0,NULL),(1133,2,333,57.08,'2021-12-10',0,NULL),(1134,3,333,57.08,'2022-01-10',0,NULL),(1135,1,334,76.48,'2021-11-10',0,NULL),(1137,1,336,30.56,'2021-11-10',0,NULL),(1138,1,337,37.98,'2021-11-10',0,NULL),(1139,1,338,19.9,'2021-11-10',0,NULL),(1140,1,339,22.12,'2021-11-10',0,NULL),(1141,1,340,85,'2021-12-10',0,NULL),(1142,2,340,85,'2022-01-10',0,NULL),(1143,3,340,85,'2022-02-10',0,NULL),(1144,4,340,85,'2022-03-10',0,NULL),(1145,5,340,85,'2022-04-10',0,NULL),(1147,1,342,33.98,'2021-11-10',0,NULL),(1148,2,342,33.98,'2021-12-10',0,NULL),(1149,3,342,33.98,'2022-01-10',0,NULL),(1150,4,342,33.98,'2022-02-10',0,NULL),(1151,5,342,33.98,'2022-03-10',0,NULL),(1152,1,343,61.5,'2021-11-10',0,NULL),(1154,1,345,25.98,'2021-11-10',0,NULL),(1155,2,345,25.98,'2021-12-10',0,NULL),(1156,3,345,25.98,'2022-01-10',0,NULL),(1157,1,346,89.96,'2021-11-10',0,NULL),(1158,2,346,89.96,'2021-12-10',0,NULL),(1159,3,346,89.96,'2022-01-10',0,NULL),(1160,1,347,129.93,'2021-10-10',1,'2021-10-29'),(1161,2,347,129.93,'2021-11-10',0,NULL),(1162,3,347,129.94,'2021-12-10',0,NULL),(1163,1,348,59.97,'2021-11-10',0,NULL),(1164,2,348,59.97,'2021-12-10',0,NULL),(1165,3,348,59.96,'2022-01-10',0,NULL),(1166,1,349,39.23,'2021-11-10',0,NULL),(1167,2,349,39.23,'2021-12-10',0,NULL),(1168,1,350,53.3,'2021-10-10',0,NULL),(1169,2,350,53.3,'2021-11-10',0,NULL),(1170,3,350,53.3,'2021-12-10',0,NULL),(1171,1,351,23.99,'2021-11-10',0,NULL),(1172,2,351,23.99,'2021-12-10',0,NULL),(1173,1,352,56.58,'2021-10-10',0,NULL),(1174,2,352,56.58,'2021-11-10',0,NULL),(1175,1,353,51.34,'2021-10-10',0,NULL),(1176,2,353,51.34,'2021-11-10',0,NULL),(1177,3,353,51.34,'2021-12-10',0,NULL),(1178,1,354,66.38,'2021-10-10',0,NULL),(1179,2,354,66.38,'2021-11-10',0,NULL),(1180,3,354,66.38,'2021-12-10',0,NULL),(1181,1,355,92.43,'2021-10-10',0,NULL),(1182,2,355,92.43,'2021-11-10',0,NULL),(1183,3,355,92.43,'2021-12-10',0,NULL),(1184,1,356,31.98,'2021-11-10',0,NULL),(1185,2,356,31.98,'2021-12-10',0,NULL),(1186,3,356,31.98,'2022-01-10',0,NULL),(1187,4,356,31.98,'2022-02-10',0,NULL),(1188,5,356,31.98,'2022-03-10',0,NULL),(1189,1,357,51.74,'2021-11-10',0,NULL),(1190,2,357,51.74,'2021-12-10',0,NULL),(1191,3,357,51.74,'2022-01-10',0,NULL),(1192,4,357,51.74,'2022-02-10',0,NULL),(1193,5,357,51.74,'2022-03-10',0,NULL),(1194,1,358,40.62,'2021-11-10',0,NULL),(1195,2,358,40.62,'2021-12-10',0,NULL),(1196,3,358,40.62,'2022-01-10',0,NULL),(1197,1,359,74.45,'2021-11-10',0,NULL),(1198,2,359,74.45,'2021-12-10',0,NULL),(1199,3,359,74.45,'2022-01-10',0,NULL),(1200,1,360,64.38,'2021-11-10',0,NULL),(1201,2,360,64.38,'2021-12-10',0,NULL),(1202,3,360,64.38,'2022-01-10',0,NULL),(1203,4,360,64.38,'2022-02-10',0,NULL),(1204,5,360,64.38,'2022-03-10',0,NULL),(1205,1,361,29.94,'2021-10-10',0,NULL),(1206,2,361,29.94,'2021-11-10',0,NULL),(1207,3,361,29.94,'2021-12-10',0,NULL),(1208,4,361,29.94,'2022-01-10',0,NULL),(1209,5,361,29.94,'2022-02-10',0,NULL),(1210,1,362,44,'2021-12-10',0,NULL),(1211,2,362,44,'2022-01-10',0,NULL),(1212,3,362,44,'2022-02-10',0,NULL),(1213,4,362,44,'2022-03-10',0,NULL),(1214,5,362,44,'2022-04-10',0,NULL),(1215,1,363,60.4,'2021-10-10',0,NULL),(1216,2,363,60.4,'2021-11-10',0,NULL),(1217,1,364,105.1,'2021-10-10',0,NULL),(1218,2,364,105.1,'2021-11-10',0,NULL),(1223,1,366,71.68,'2021-10-10',0,NULL),(1224,2,366,71.68,'2021-11-10',0,NULL),(1225,3,366,71.68,'2021-12-10',0,NULL),(1226,4,366,71.68,'2022-01-10',0,NULL),(1227,1,367,44.96,'2021-10-10',0,NULL),(1228,2,367,44.96,'2021-11-10',0,NULL),(1230,1,369,38.98,'2021-10-10',0,NULL),(1231,2,369,38.98,'2021-11-10',0,NULL),(1232,3,369,38.98,'2021-12-10',0,NULL),(1233,1,370,29.94,'2021-10-10',0,NULL),(1234,2,370,29.94,'2021-11-10',0,NULL),(1235,3,370,29.94,'2021-12-10',0,NULL),(1236,4,370,29.94,'2022-01-10',0,NULL),(1237,1,371,21.66,'2021-10-10',0,NULL),(1238,2,371,21.66,'2021-11-10',0,NULL),(1239,3,371,21.66,'2021-12-10',0,NULL),(1240,1,372,57.88,'2021-10-10',0,NULL),(1241,2,372,57.88,'2021-11-10',0,NULL),(1242,3,372,57.88,'2021-12-10',0,NULL),(1243,4,372,57.88,'2022-01-10',0,NULL),(1244,1,373,33.98,'2021-10-10',0,NULL),(1245,2,373,33.98,'2021-11-10',0,NULL),(1246,3,373,33.98,'2021-12-10',0,NULL),(1247,4,373,33.98,'2022-01-10',0,NULL),(1248,1,374,75,'2021-12-10',0,NULL),(1249,2,374,75,'2022-01-10',0,NULL),(1250,3,374,75,'2022-02-10',0,NULL),(1251,4,374,75,'2022-03-10',0,NULL),(1252,5,374,74.99,'2022-04-10',0,NULL),(1253,1,375,25.26,'2021-12-10',0,NULL),(1254,2,375,25.26,'2022-01-10',0,NULL),(1255,3,375,25.26,'2022-02-10',0,NULL),(1256,1,376,46.36,'2021-11-10',0,NULL),(1257,2,376,46.36,'2021-12-10',0,NULL),(1258,3,376,46.36,'2022-01-10',0,NULL),(1259,4,376,46.36,'2022-02-10',0,NULL),(1260,5,376,46.36,'2022-03-10',0,NULL),(1261,1,377,153.89,'2021-11-10',0,NULL),(1262,2,377,153.89,'2021-12-10',0,NULL),(1263,3,377,153.89,'2022-01-10',0,NULL),(1264,4,377,153.89,'2022-02-10',0,NULL),(1265,5,377,153.89,'2022-03-10',0,NULL),(1266,1,378,53.2,'2021-11-10',0,NULL),(1267,1,379,39.96,'2021-11-10',0,NULL),(1268,1,380,145.74,'2021-11-10',0,NULL),(1269,1,381,43,'2021-11-10',0,NULL),(1270,1,382,45.96,'2021-11-10',0,NULL),(1271,2,382,45.96,'2021-12-10',0,NULL),(1272,3,382,45.96,'2022-01-10',0,NULL),(1273,4,382,45.96,'2022-02-10',0,NULL),(1276,1,384,27.8,'2021-11-10',0,NULL),(1277,2,384,27.8,'2021-12-10',0,NULL),(1278,3,384,27.8,'2022-01-10',0,NULL),(1279,4,384,27.8,'2022-02-10',0,NULL),(1280,5,384,27.8,'2022-03-10',0,NULL),(1281,1,385,53.78,'2021-11-10',0,NULL),(1282,2,385,53.78,'2021-12-10',0,NULL),(1283,3,385,53.78,'2022-01-10',0,NULL),(1284,4,385,53.78,'2022-02-10',0,NULL),(1285,5,385,53.78,'2022-03-10',0,NULL),(1286,1,386,41.98,'2021-11-10',0,NULL),(1287,1,387,26.08,'2021-11-10',0,NULL),(1288,2,387,26.08,'2021-12-10',0,NULL),(1289,1,388,83,'2021-11-10',0,NULL),(1290,1,389,62.36,'2021-12-10',0,NULL),(1291,2,389,62.36,'2022-01-10',0,NULL),(1292,3,389,62.36,'2022-02-10',0,NULL),(1293,4,389,62.36,'2022-03-10',0,NULL),(1294,5,389,62.36,'2022-04-10',0,NULL),(1297,1,391,35.99,'2021-11-10',0,NULL),(1298,2,391,35.99,'2021-12-10',0,NULL),(1299,1,392,24.95,'2021-11-10',0,NULL),(1300,2,392,24.95,'2021-12-10',0,NULL),(1301,1,393,26.23,'2021-11-10',0,NULL),(1302,2,393,26.23,'2021-12-10',0,NULL),(1303,3,393,26.23,'2022-01-10',0,NULL),(1304,4,393,26.21,'2022-02-10',0,NULL),(1305,1,394,30.34,'2021-11-10',0,NULL),(1306,2,394,30.34,'2021-12-10',0,NULL),(1307,3,394,30.34,'2022-01-10',0,NULL),(1308,4,394,30.34,'2022-02-10',0,NULL),(1309,1,395,91.26,'2021-11-10',0,NULL),(1310,2,395,91.26,'2021-12-10',0,NULL),(1311,3,395,91.26,'2022-01-10',0,NULL),(1312,1,396,39.96,'2021-11-10',0,NULL),(1313,1,397,33.98,'2021-11-10',0,NULL),(1314,2,397,33.98,'2021-12-10',0,NULL),(1315,3,397,33.98,'2022-01-10',0,NULL),(1316,4,397,33.98,'2022-02-10',0,NULL),(1317,5,397,33.98,'2022-03-10',0,NULL),(1318,1,398,31.98,'2021-11-10',0,NULL),(1319,2,398,31.98,'2021-12-10',0,NULL),(1320,3,398,31.98,'2022-01-10',0,NULL),(1321,4,398,31.98,'2022-02-10',0,NULL),(1322,5,398,31.98,'2022-03-10',0,NULL),(1323,1,399,47.98,'2021-11-10',0,NULL),(1324,1,400,52.74,'2021-11-10',0,NULL),(1325,2,400,52.74,'2021-12-10',0,NULL),(1326,3,400,52.74,'2022-01-10',0,NULL),(1327,1,401,37.96,'2021-11-10',0,NULL),(1328,2,401,37.96,'2021-12-10',0,NULL),(1329,3,401,37.96,'2022-01-10',0,NULL),(1330,4,401,37.96,'2022-02-10',0,NULL),(1331,5,401,37.96,'2022-03-10',0,NULL),(1332,1,402,162.93,'2021-11-10',0,NULL),(1333,2,402,162.93,'2021-12-10',0,NULL),(1334,3,402,162.93,'2022-01-10',0,NULL),(1335,4,402,162.93,'2022-02-10',0,NULL),(1336,5,402,162.93,'2022-03-10',0,NULL),(1337,1,403,79.06,'2021-11-10',0,NULL),(1338,2,403,79.06,'2021-12-10',0,NULL),(1339,3,403,79.06,'2022-01-10',0,NULL),(1340,4,403,79.06,'2022-02-10',0,NULL),(1341,5,403,79.06,'2022-03-10',0,NULL),(1342,1,404,17.45,'2021-11-10',0,NULL),(1343,2,404,17.45,'2021-12-10',0,NULL),(1344,1,405,74.33,'2021-11-10',0,NULL),(1345,2,405,74.33,'2021-12-10',0,NULL),(1346,3,405,74.34,'2022-01-10',0,NULL),(1347,1,406,50,'2021-11-10',0,NULL),(1348,1,407,100,'2021-11-10',0,NULL),(1349,2,407,100,'2021-12-10',0,NULL),(1350,3,407,100,'2022-01-10',0,NULL),(1351,1,408,96.74,'2021-11-10',0,NULL),(1352,2,408,96.74,'2021-12-10',0,NULL),(1353,3,408,96.74,'2022-01-10',0,NULL),(1354,4,408,96.74,'2022-02-10',0,NULL),(1355,1,409,24,'2021-11-10',0,NULL),(1356,2,409,24,'2021-12-10',0,NULL),(1357,1,410,39.98,'2021-11-10',0,NULL),(1358,1,411,28.5,'2021-11-10',0,NULL),(1359,2,411,28.5,'2021-12-10',0,NULL),(1360,3,411,28.5,'2022-01-10',0,NULL),(1361,4,411,28.5,'2022-02-10',0,NULL),(1363,1,413,77.74,'2021-11-10',0,NULL),(1364,1,414,25.98,'2021-11-15',0,NULL),(1365,1,415,33.16,'2021-11-15',0,NULL),(1366,1,416,73.86,'2021-11-15',0,NULL),(1367,2,416,73.86,'2021-12-15',0,NULL),(1368,1,417,58.6,'2021-11-15',0,NULL),(1369,2,417,58.6,'2021-12-15',0,NULL),(1370,3,417,58.6,'2022-01-15',0,NULL),(1371,4,417,58.6,'2022-02-15',0,NULL),(1372,5,417,58.6,'2022-03-15',0,NULL),(1373,1,418,46,'2021-12-15',1,'2021-10-27'),(1374,1,419,56.63,'2021-11-15',0,NULL),(1375,1,420,23.2,'2021-11-15',0,NULL),(1376,2,420,23.2,'2021-12-15',0,NULL),(1377,3,420,23.2,'2022-01-15',0,NULL),(1378,1,421,100.34,'2021-12-10',0,NULL),(1379,2,421,100.34,'2022-01-10',0,NULL),(1380,3,421,100.34,'2022-02-10',0,NULL),(1381,4,421,100.34,'2022-03-10',0,NULL),(1382,5,421,100.34,'2022-04-10',0,NULL),(1383,1,422,39.98,'2021-11-15',0,NULL),(1384,2,422,39.98,'2021-12-15',0,NULL),(1385,3,422,39.98,'2022-01-15',0,NULL),(1386,4,422,39.98,'2022-02-15',0,NULL),(1387,5,422,39.98,'2022-03-15',0,NULL),(1388,1,423,175.15,'2021-11-15',0,NULL),(1389,2,423,175.15,'2021-12-15',0,NULL),(1390,3,423,175.15,'2022-01-15',0,NULL),(1391,4,423,175.15,'2022-02-15',0,NULL),(1392,1,424,42.26,'2021-11-15',0,NULL),(1393,1,425,75.82,'2021-11-15',0,NULL),(1394,2,425,75.82,'2021-12-15',0,NULL),(1395,1,426,62.3,'2021-11-15',0,NULL),(1396,2,426,62.3,'2021-12-15',0,NULL),(1397,1,427,46.97,'2021-11-15',0,NULL),(1398,2,427,46.97,'2021-12-15',0,NULL),(1399,3,427,46.97,'2022-01-15',0,NULL),(1400,4,427,46.97,'2022-02-15',0,NULL),(1401,1,428,101.16,'2021-10-15',1,'2021-10-29'),(1402,1,429,53.54,'2021-10-15',0,NULL),(1403,2,429,53.54,'2021-11-15',0,NULL),(1404,3,429,53.54,'2021-12-15',0,NULL),(1405,4,429,53.54,'2022-01-15',0,NULL),(1406,1,430,67.82,'2021-11-15',0,NULL),(1407,2,430,67.82,'2021-12-15',0,NULL),(1408,3,430,67.82,'2022-01-15',0,NULL),(1409,1,431,51.97,'2021-11-15',0,NULL),(1410,2,431,51.97,'2021-12-15',0,NULL),(1413,1,433,55,'2021-11-15',0,NULL),(1414,2,433,55,'2021-12-15',0,NULL),(1415,1,434,67.96,'2021-11-15',0,NULL),(1416,2,434,67.96,'2021-12-15',0,NULL),(1417,3,434,67.96,'2022-01-15',0,NULL),(1418,4,434,67.96,'2022-02-15',0,NULL),(1419,5,434,67.96,'2022-03-15',0,NULL),(1420,1,435,85.4,'2021-11-15',0,NULL),(1421,2,435,85.4,'2021-12-15',0,NULL),(1422,3,435,85.4,'2022-01-15',0,NULL),(1423,4,435,85.4,'2022-02-15',0,NULL),(1424,5,435,85.4,'2022-03-15',0,NULL),(1425,1,436,42.8,'2021-11-15',0,NULL),(1426,2,436,42.8,'2021-12-15',0,NULL),(1427,3,436,42.8,'2022-01-15',0,NULL),(1428,4,436,42.8,'2022-02-15',0,NULL),(1429,5,436,42.8,'2022-03-15',0,NULL),(1432,1,438,41.87,'2021-11-15',0,NULL),(1433,2,438,41.87,'2021-12-15',0,NULL),(1434,1,439,85.5,'2021-11-15',0,NULL),(1435,1,440,37.98,'2021-11-15',0,NULL),(1436,1,441,79.78,'2021-11-15',0,NULL),(1437,2,441,79.78,'2021-12-15',0,NULL),(1438,3,441,79.78,'2022-01-15',0,NULL),(1439,1,442,33.98,'2021-11-15',0,NULL),(1440,2,442,33.98,'2021-12-15',0,NULL),(1441,3,442,33.98,'2022-01-15',0,NULL),(1442,4,442,33.98,'2022-02-15',0,NULL),(1443,1,443,29.95,'2021-11-15',0,NULL),(1444,1,444,63.6,'2021-11-15',0,NULL),(1445,2,444,63.6,'2021-12-15',0,NULL),(1446,3,444,63.6,'2022-01-15',0,NULL),(1447,1,445,132,'2021-11-15',0,NULL),(1448,2,445,132,'2021-12-15',0,NULL),(1449,3,445,132,'2022-01-15',0,NULL),(1450,1,446,74.38,'2021-11-15',0,NULL),(1451,2,446,74.38,'2021-12-15',0,NULL),(1452,3,446,74.38,'2022-01-15',0,NULL),(1453,4,446,74.38,'2022-02-15',0,NULL),(1454,1,447,33.98,'2021-11-15',0,NULL),(1455,2,447,33.98,'2021-12-15',0,NULL),(1456,3,447,33.98,'2022-01-15',0,NULL),(1457,4,447,33.98,'2022-02-15',0,NULL),(1458,5,447,33.98,'2022-03-15',0,NULL),(1459,1,448,53.98,'2021-11-15',0,NULL),(1460,1,449,47.98,'2021-11-15',0,NULL),(1461,1,450,73.96,'2021-11-15',0,NULL),(1462,2,450,73.96,'2021-12-15',0,NULL),(1463,3,450,73.96,'2022-01-15',0,NULL),(1464,1,451,40.94,'2021-11-15',0,NULL),(1465,2,451,40.94,'2021-12-15',0,NULL),(1466,3,451,40.94,'2022-01-15',0,NULL),(1467,1,452,52.36,'2021-11-15',0,NULL),(1468,2,452,52.36,'2021-12-15',0,NULL),(1469,1,453,31.98,'2021-11-15',0,NULL),(1470,2,453,31.98,'2021-12-15',0,NULL),(1471,3,453,31.98,'2022-01-15',0,NULL),(1472,1,454,61.96,'2021-11-15',0,NULL),(1473,2,454,61.96,'2021-12-15',0,NULL),(1474,3,454,61.96,'2022-01-15',0,NULL),(1475,1,455,99.74,'2021-11-15',0,NULL),(1476,2,455,99.74,'2021-12-15',0,NULL),(1477,3,455,99.74,'2022-01-15',0,NULL),(1478,1,456,49.92,'2021-11-15',0,NULL),(1479,2,456,49.92,'2021-12-15',0,NULL),(1480,1,457,63.46,'2021-11-15',0,NULL),(1481,2,457,63.46,'2021-12-15',0,NULL),(1482,3,457,63.46,'2022-01-15',0,NULL),(1483,4,457,63.46,'2022-02-15',0,NULL),(1484,1,458,83.96,'2021-11-15',0,NULL),(1485,2,458,83.96,'2021-12-15',0,NULL),(1486,1,459,79.92,'2021-11-15',0,NULL),(1487,2,459,79.92,'2021-12-15',0,NULL),(1490,1,461,123.93,'2021-11-15',0,NULL),(1491,2,461,123.93,'2021-12-15',0,NULL),(1492,1,462,37.97,'2021-11-15',0,NULL),(1493,2,462,37.97,'2021-12-15',0,NULL),(1494,1,463,58.97,'2021-11-15',0,NULL),(1495,2,463,58.97,'2021-12-15',0,NULL),(1496,1,464,76.66,'2021-11-15',0,NULL),(1497,2,464,76.66,'2021-12-15',0,NULL),(1498,1,465,41.98,'2021-11-15',0,NULL),(1499,1,466,70.6,'2021-11-15',0,NULL),(1500,1,467,35.98,'2021-11-15',0,NULL),(1501,2,467,35.98,'2021-12-15',0,NULL),(1502,3,467,35.98,'2022-01-15',0,NULL),(1503,1,468,32,'2021-12-15',0,NULL),(1504,2,468,32,'2022-01-15',0,NULL),(1505,3,468,32,'2022-02-15',0,NULL),(1516,1,471,41.98,'2021-11-15',0,NULL),(1517,2,471,41.98,'2021-12-15',0,NULL),(1518,3,471,41.98,'2022-01-15',0,NULL),(1519,4,471,41.98,'2022-02-15',0,NULL),(1520,5,471,41.98,'2022-03-15',0,NULL),(1521,1,472,213.6,'2021-11-15',0,NULL),(1522,2,472,213.6,'2021-12-15',0,NULL),(1523,3,472,213.6,'2022-01-15',0,NULL),(1524,4,472,213.6,'2022-02-15',0,NULL),(1525,5,472,213.6,'2022-03-15',0,NULL),(1526,1,473,39.93,'2021-11-15',0,NULL),(1527,1,474,41.98,'2021-11-15',0,NULL),(1528,1,475,41.98,'2021-11-15',0,NULL),(1529,1,476,71.96,'2021-11-15',0,NULL),(1530,1,477,128.56,'2021-11-15',0,NULL),(1531,1,478,180.9,'2021-11-15',0,NULL),(1532,1,479,292.72,'2021-11-15',0,NULL),(1533,2,479,292.72,'2021-12-15',0,NULL),(1534,3,479,292.72,'2022-01-15',0,NULL),(1535,1,480,33.98,'2021-11-15',0,NULL),(1536,2,480,33.98,'2021-12-15',0,NULL),(1537,3,480,33.98,'2022-01-15',0,NULL),(1538,1,481,104.72,'2021-12-10',0,NULL),(1539,2,481,104.72,'2022-01-10',0,NULL),(1540,3,481,104.72,'2022-02-10',0,NULL),(1541,4,481,104.72,'2022-03-10',0,NULL),(1542,5,481,104.72,'2022-04-10',0,NULL),(1543,1,482,31.98,'2021-12-10',0,NULL),(1544,2,482,31.98,'2022-01-10',0,NULL),(1545,3,482,31.98,'2022-02-10',0,NULL),(1546,4,482,31.98,'2022-03-10',0,NULL),(1547,5,482,31.98,'2022-04-10',0,NULL),(1548,1,483,143.28,'2021-12-10',0,NULL),(1549,2,483,143.28,'2022-01-10',0,NULL),(1550,3,483,143.28,'2022-02-10',0,NULL),(1551,4,483,143.28,'2022-03-10',0,NULL),(1552,5,483,143.28,'2022-04-10',0,NULL),(1553,1,484,36.8,'2021-12-10',0,NULL),(1554,2,484,36.8,'2022-01-10',0,NULL),(1555,3,484,36.8,'2022-02-10',0,NULL),(1556,4,484,36.8,'2022-03-10',0,NULL),(1557,5,484,36.8,'2022-04-10',0,NULL),(1558,1,485,76.33,'2021-12-10',0,NULL),(1559,2,485,76.33,'2022-01-10',0,NULL),(1560,3,485,76.34,'2022-02-10',0,NULL),(1561,1,486,26,'2021-12-15',0,NULL),(1562,2,486,26,'2022-01-15',0,NULL),(1563,3,486,26,'2022-02-15',0,NULL),(1564,4,486,26,'2022-03-15',0,NULL),(1565,5,486,26,'2022-04-15',0,NULL),(1566,1,487,381.26,'2021-12-10',0,NULL),(1567,2,487,381.26,'2022-01-10',0,NULL),(1568,3,487,381.26,'2022-02-10',0,NULL),(1569,4,487,381.26,'2022-03-10',0,NULL),(1570,5,487,381.26,'2022-04-10',0,NULL),(1571,1,488,44.4,'2021-12-10',0,NULL),(1572,2,488,44.4,'2022-01-10',0,NULL),(1573,3,488,44.4,'2022-02-10',0,NULL),(1574,4,488,44.4,'2022-03-10',0,NULL),(1575,5,488,44.4,'2022-04-10',0,NULL),(1584,1,491,916,'2021-12-10',0,NULL),(1585,2,491,916,'2022-01-10',0,NULL),(1586,1,492,29.98,'2021-11-10',0,NULL),(1587,2,492,29.98,'2021-12-10',0,NULL),(1588,3,492,29.98,'2022-01-10',0,NULL),(1589,4,492,29.98,'2022-02-10',0,NULL),(1590,5,492,29.98,'2022-03-10',0,NULL),(1591,1,493,105.56,'2021-11-10',0,NULL),(1592,2,493,105.56,'2021-12-10',0,NULL),(1593,3,493,105.56,'2022-01-10',0,NULL),(1594,4,493,105.56,'2022-02-10',0,NULL),(1595,1,494,414.64,'2021-09-10',1,'2021-10-29'),(1596,1,495,33.98,'2021-11-10',0,NULL),(1597,2,495,33.98,'2021-12-10',0,NULL),(1598,3,495,33.98,'2022-01-10',0,NULL),(1599,4,495,33.98,'2022-02-10',0,NULL),(1600,5,495,33.98,'2022-03-10',0,NULL),(1601,1,496,62.36,'2021-11-10',0,NULL),(1602,2,496,62.36,'2021-12-10',0,NULL),(1603,3,496,62.36,'2022-01-10',0,NULL),(1604,4,496,62.36,'2022-02-10',0,NULL),(1605,5,496,62.36,'2022-03-10',0,NULL),(1606,1,497,76,'2021-12-10',0,NULL),(1607,1,498,519.16,'2021-11-10',0,NULL),(1611,1,500,34.78,'2021-12-10',0,NULL),(1612,2,500,34.78,'2022-01-10',0,NULL),(1613,3,500,34.78,'2022-02-10',0,NULL),(1614,4,500,34.78,'2022-03-10',0,NULL),(1615,5,500,34.78,'2022-04-10',0,NULL),(1616,1,501,13,'2021-12-15',0,NULL),(1617,1,502,24,'2021-12-10',0,NULL),(1618,2,502,24,'2022-01-10',0,NULL),(1619,3,502,24,'2022-02-10',0,NULL),(1620,4,502,24,'2022-03-10',0,NULL),(1621,1,503,39.5,'2021-12-10',0,NULL),(1622,2,503,39.5,'2022-01-10',0,NULL),(1623,1,504,103.96,'2021-12-15',0,NULL),(1624,2,504,103.96,'2022-01-15',0,NULL),(1625,3,504,103.96,'2022-02-15',0,NULL),(1626,4,504,103.96,'2022-03-15',0,NULL),(1627,5,504,103.96,'2022-04-15',0,NULL),(1628,1,505,39.96,'2021-12-10',0,NULL),(1629,2,505,39.96,'2022-01-10',0,NULL),(1630,3,505,39.96,'2022-02-10',0,NULL),(1631,4,505,39.96,'2022-03-10',0,NULL),(1632,5,505,39.96,'2022-04-10',0,NULL);
/*!40000 ALTER TABLE `parcela` ENABLE KEYS */;
UNLOCK TABLES;

--
-- Table structure for table `sexo`
--

DROP TABLE IF EXISTS `sexo`;
/*!40101 SET @saved_cs_client     = @@character_set_client */;
/*!40101 SET character_set_client = utf8 */;
CREATE TABLE `sexo` (
  `idsexo` int(11) NOT NULL AUTO_INCREMENT,
  `descricao` varchar(45) DEFAULT NULL,
  PRIMARY KEY (`idsexo`)
) ENGINE=InnoDB AUTO_INCREMENT=4 DEFAULT CHARSET=utf8;
/*!40101 SET character_set_client = @saved_cs_client */;

--
-- Dumping data for table `sexo`
--

LOCK TABLES `sexo` WRITE;
/*!40000 ALTER TABLE `sexo` DISABLE KEYS */;
INSERT INTO `sexo` VALUES (1,'M'),(2,'F'),(3,'NI');
/*!40000 ALTER TABLE `sexo` ENABLE KEYS */;
UNLOCK TABLES;

--
-- Table structure for table `venda`
--

DROP TABLE IF EXISTS `venda`;
/*!40101 SET @saved_cs_client     = @@character_set_client */;
/*!40101 SET character_set_client = utf8 */;
CREATE TABLE `venda` (
  `idvenda` int(11) NOT NULL AUTO_INCREMENT,
  `data` date DEFAULT NULL,
  `nrparcelas` int(11) DEFAULT NULL,
  `notafiscal` int(11) DEFAULT NULL,
  `valor` float DEFAULT NULL,
  `idcliente` int(11) NOT NULL,
  `observacao` text,
  PRIMARY KEY (`idvenda`),
  KEY `fk_venda_cliente1_idx` (`idcliente`),
  CONSTRAINT `fk_venda_cliente1` FOREIGN KEY (`idcliente`) REFERENCES `cliente` (`idcliente`) ON DELETE NO ACTION ON UPDATE NO ACTION
) ENGINE=InnoDB AUTO_INCREMENT=506 DEFAULT CHARSET=utf8;
/*!40101 SET character_set_client = @saved_cs_client */;

--
-- Dumping data for table `venda`
--

LOCK TABLES `venda` WRITE;
/*!40000 ALTER TABLE `venda` DISABLE KEYS */;
INSERT INTO `venda` VALUES (74,'2021-09-19',5,1111,163.5,781,NULL),(75,'2021-08-23',5,1111,299.8,781,NULL),(76,'2021-06-21',5,111,373.98,781,NULL),(77,'2021-06-21',5,111,215.3,20,NULL),(78,'2021-09-19',2,111,49.9,782,NULL),(79,'2021-10-11',2,1111,68,157,NULL),(80,'2021-09-08',5,1111,338.9,505,NULL),(85,'2021-08-20',5,1111,126,505,NULL),(86,'2021-08-17',5,11111,164.45,505,NULL),(87,'2021-10-20',5,11111,139,783,NULL),(88,'2021-08-18',5,11111,719.4,783,NULL),(89,'2021-10-16',5,111111,199.8,783,NULL),(90,'2021-06-17',5,111111,199.9,693,NULL),(91,'2021-08-28',5,11111,519.7,784,NULL),(92,'2021-09-13',5,11111,199.9,784,NULL),(93,'2021-09-27',5,1111,268.65,785,NULL),(94,'2021-08-13',5,11111,139.6,785,NULL),(95,'2021-07-22',5,11111,64.95,785,NULL),(96,'2021-10-20',5,11111,279.15,785,NULL),(97,'2021-07-21',5,11111,279.15,785,NULL),(98,'2021-07-28',5,11111,247.7,785,NULL),(99,'2021-06-25',5,11111,209.9,785,NULL),(100,'2021-07-02',5,11111,345.68,785,NULL),(103,'2021-09-21',5,11111,671.05,462,NULL),(104,'2021-10-02',5,111111,327.9,462,NULL),(106,'2021-09-20',5,1111,189.9,462,NULL),(107,'2021-08-27',5,11111,179.9,462,NULL),(108,'2021-08-27',5,11111,693.7,462,NULL),(109,'2021-10-17',1,1111,89.96,462,NULL),(110,'2021-09-09',5,1111,715.6,462,NULL),(111,'2021-07-31',5,111,203.5,462,NULL),(112,'2021-09-29',5,111,338.8,532,NULL),(114,'2021-08-20',2,111,59.95,532,NULL),(115,'2021-10-18',1,111,66,532,NULL),(116,'2021-10-18',1,111,66.78,532,NULL),(117,'2021-08-20',5,111,594.5,532,NULL),(118,'2021-08-28',2,111,59.9,532,NULL),(119,'2021-10-04',5,111,179.9,532,NULL),(120,'2021-10-16',2,111,59.8,786,NULL),(121,'2021-09-18',5,111,677.8,787,NULL),(122,'2021-10-11',1,1111,139.9,171,NULL),(123,'2021-08-05',5,11111,218.9,788,NULL),(124,'2021-10-06',5,1111,436.8,789,NULL),(125,'2021-08-30',5,11111,812.8,789,NULL),(128,'2021-09-19',5,111,169.9,789,NULL),(129,'2021-10-11',5,11111,70,790,NULL),(130,'2021-10-19',1,1111,36.56,790,NULL),(131,'2021-08-27',5,111,119,790,NULL),(132,'2021-09-25',5,1111,327,311,NULL),(133,'2021-10-21',5,1111,917.7,311,NULL),(134,'2021-10-20',3,1111,94.8,311,NULL),(135,'2021-09-23',5,111,484.7,791,NULL),(136,'2021-05-20',5,1111,336.7,791,NULL),(138,'2021-07-09',5,1111,174.95,791,NULL),(140,'2021-08-27',5,1111,349.8,378,NULL),(141,'2021-09-09',4,111,169.9,378,NULL),(142,'2021-08-27',5,111,2921.4,378,NULL),(143,'2021-10-15',5,111,279.8,378,NULL),(144,'2021-08-09',5,1111,259.7,84,NULL),(145,'2021-08-09',5,1111,309.5,84,NULL),(146,'2021-10-20',6,1111,2736.6,378,NULL),(147,'2021-09-18',3,1111,136.8,22,NULL),(148,'2021-10-19',1,1111,46.63,22,NULL),(149,'2021-09-18',4,1111,89.9,792,NULL),(150,'2021-09-14',5,111,459.7,793,NULL),(151,'2021-09-14',5,1111,2435.51,793,NULL),(152,'2021-10-16',5,11111,278,794,NULL),(153,'2021-10-09',5,1111,189.8,794,NULL),(154,'2021-10-07',1,1111,97,794,NULL),(155,'2021-10-07',3,1111,149.9,794,NULL),(156,'2021-09-23',5,111,328.8,795,NULL),(157,'2021-10-19',1,1111,39.98,795,NULL),(158,'2021-10-19',1,111,38.8,795,NULL),(159,'2021-10-19',1,1111,27.98,795,NULL),(160,'2021-10-19',1,1111,83.13,795,NULL),(161,'2021-09-19',5,1111,169.9,288,NULL),(162,'2021-09-24',5,111,2414.4,797,NULL),(163,'2021-09-24',5,111,169.9,797,NULL),(164,'2021-09-15',5,111,169.9,797,NULL),(165,'2021-09-15',5,111,179.9,797,NULL),(166,'2021-09-19',2,111,139.96,797,NULL),(167,'2021-09-19',1,111,225.7,797,NULL),(168,'2021-09-19',1,111,29.95,797,NULL),(169,'2021-09-19',1,111,43.68,797,NULL),(170,'2021-09-25',5,111,195,796,NULL),(171,'2021-10-20',5,111,1071.8,796,NULL),(173,'2021-09-20',5,111,293.9,796,NULL),(174,'2021-08-18',1,111,139.5,507,NULL),(175,'2021-10-02',3,111,398.8,798,NULL),(176,'2021-05-05',5,111,259.8,151,NULL),(177,'2021-05-05',5,111,2261.9,151,NULL),(178,'2021-10-08',5,111,179.9,801,NULL),(179,'2021-10-13',5,111,381.2,801,NULL),(180,'2021-09-19',1,1111,64.3,804,NULL),(181,'2021-09-21',5,111,154.9,804,NULL),(182,'2021-09-19',1,111,32,805,NULL),(183,'2021-10-08',5,1111,223.9,805,NULL),(184,'2021-10-09',5,1111,388.9,803,NULL),(185,'2021-08-10',5,1111,209.7,803,NULL),(186,'2021-10-19',1,111,53.78,803,NULL),(187,'2021-09-21',5,1111,420,802,NULL),(188,'2021-08-02',5,1111,317.45,802,NULL),(190,'2021-09-20',2,111,78.36,802,NULL),(191,'2021-09-27',2,111,168,800,NULL),(192,'2021-10-19',1,0,39.98,800,NULL),(193,'2021-10-19',1,1111,53.98,800,NULL),(194,'2021-09-24',5,111,241.69,799,NULL),(195,'2021-10-11',5,111,399.7,799,NULL),(196,'2021-10-13',5,111,249.7,799,NULL),(197,'2021-09-24',5,111,199.8,799,NULL),(198,'2021-09-19',1,1111,43.96,799,NULL),(199,'2021-10-11',5,1111,422,807,NULL),(200,'2021-08-18',1,111,145.92,806,NULL),(201,'2021-08-18',1,111,157.88,806,NULL),(202,'2021-10-19',1,111,34.17,588,NULL),(203,'2021-10-19',1,111,77.14,588,NULL),(204,'2021-09-19',5,1111,696.7,808,NULL),(205,'2021-09-19',1,111,31.98,808,NULL),(206,'2021-09-19',1,1111,93.16,808,NULL),(207,'2021-10-19',5,1111,149.9,808,NULL),(208,'2021-10-13',5,1111,797.4,808,NULL),(209,'2021-10-14',3,111,97.4,8,NULL),(210,'2021-10-19',1,1111,41.98,8,NULL),(211,'2021-10-19',1,111,34.56,8,NULL),(212,'2021-09-19',5,111,164.7,8,NULL),(213,'2021-09-19',5,111,159.9,8,NULL),(214,'2021-10-04',5,111,327.8,218,NULL),(215,'2021-09-21',5,111,234,218,NULL),(217,'2021-08-20',5,111,841.7,218,NULL),(218,'2021-08-14',3,111,109.9,218,NULL),(219,'2021-09-21',1,111,26.63,72,NULL),(220,'2021-10-19',1,111,34.95,72,NULL),(221,'2021-10-19',1,111,40.78,72,NULL),(222,'2021-09-11',3,111,398.8,809,NULL),(223,'2021-09-13',5,111,159.9,467,NULL),(224,'2021-10-19',2,1111,101.76,467,NULL),(225,'2021-08-19',1,111,59.9,814,NULL),(226,'2021-09-19',3,111,245.58,786,NULL),(227,'2021-10-19',1,111,20.95,810,NULL),(228,'2021-09-21',5,1111,244.85,812,NULL),(229,'2021-09-21',5,111,265.84,812,NULL),(230,'2021-09-19',1,111,154.9,812,NULL),(231,'2021-08-23',5,111,179.9,812,NULL),(232,'2021-08-23',5,1111,298.9,812,NULL),(233,'2021-05-11',5,111,379.8,152,NULL),(235,'2021-05-11',5,111,899.75,152,NULL),(236,'2021-10-19',3,111,125.94,815,NULL),(237,'2021-10-19',1,111,58.8,816,NULL),(238,'2021-10-20',5,1111,530.4,816,NULL),(239,'2021-10-19',1,111,238.06,816,NULL),(240,'2021-10-19',2,111,314.06,816,NULL),(241,'2021-10-19',1,1111,40.46,437,NULL),(242,'2021-10-19',4,1111,159.96,437,NULL),(243,'2021-10-09',5,111,129.9,437,NULL),(244,'2021-10-09',5,1111,953.78,437,NULL),(245,'2021-10-16',5,1111,391.8,817,NULL),(246,'2021-10-19',1,1111,33.98,818,NULL),(247,'2021-10-19',1,111,72.5,819,NULL),(248,'2021-10-19',2,1111,55.96,819,NULL),(249,'2021-10-09',5,1111,309.7,66,NULL),(252,'2021-10-19',1,1111,103.74,66,NULL),(253,'2021-10-19',2,1111,99.92,66,NULL),(254,'2021-09-29',5,111,379.8,297,NULL),(255,'2021-10-02',1,111,35,821,NULL),(256,'2021-10-19',2,1111,88,821,NULL),(257,'2021-10-05',5,111,379.8,822,NULL),(258,'2021-09-29',5,1111,199.8,822,NULL),(259,'2021-10-19',3,1111,456.7,822,NULL),(260,'2021-09-30',5,1111,169.9,822,NULL),(261,'2021-10-21',2,111,58,805,NULL),(262,'2021-10-21',5,111,371,222,NULL),(263,'2021-10-21',5,1111,239,16,NULL),(264,'2021-09-19',1,1111,115.93,650,NULL),(265,'2021-09-16',3,1111,524.6,650,NULL),(266,'2021-09-19',2,1111,113.26,650,NULL),(267,'2021-09-19',2,1111,80.66,650,NULL),(268,'2021-09-19',1,111,136.34,650,NULL),(269,'2021-10-22',1,1111,37,189,NULL),(270,'2021-10-11',3,11111,65,214,NULL),(271,'2021-10-07',5,1111,292.9,214,NULL),(272,'2021-10-04',5,1111,620,214,NULL),(273,'2021-10-19',1,1111,124.34,214,NULL),(274,'2021-10-19',1,111,67.74,214,NULL),(275,'2021-10-19',2,1111,67.92,824,NULL),(276,'2021-10-19',2,1111,81.54,824,NULL),(277,'2021-09-24',5,111,434.7,825,NULL),(278,'2021-10-19',2,1111,353.08,825,NULL),(279,'2021-10-19',2,111,51.96,480,NULL),(280,'2021-10-19',2,111,55.92,826,NULL),(281,'2021-10-19',2,1111,48.78,826,NULL),(283,'2021-10-19',3,1111,269.28,826,NULL),(284,'2021-10-02',5,11111,267.7,210,NULL),(285,'2021-10-19',1,1111,33.5,827,NULL),(286,'2021-10-19',2,111,51.8,534,NULL),(287,'2021-10-19',4,1111,255.04,534,NULL),(288,'2021-10-22',5,1111,225.3,208,NULL),(289,'2021-10-19',4,1111,135.92,208,NULL),(290,'2021-10-19',2,1111,155.48,208,NULL),(291,'2021-10-19',3,1111,221.52,829,NULL),(292,'2021-10-19',1,1111,41.98,828,NULL),(293,'2021-10-19',3,1111,140.31,76,NULL),(296,'2021-09-19',2,1111,293.6,107,NULL),(297,'2021-09-19',2,1111,51.96,107,NULL),(298,'2021-10-22',4,1111,179.9,788,NULL),(299,'2021-10-22',4,1111,199.9,72,NULL),(300,'2021-10-19',1,1111,57.66,114,NULL),(301,'2021-10-19',3,1111,211.2,779,NULL),(302,'2021-10-19',4,1111,98.4,203,NULL),(303,'2021-10-19',3,1111,73.8,831,NULL),(304,'2021-10-11',5,11111,190.7,831,NULL),(305,'2021-10-19',4,1111,160.4,833,NULL),(306,'2021-10-19',2,11111,55.92,833,NULL),(307,'2021-10-19',2,1111,140,833,NULL),(308,'2021-10-22',5,1111,189,163,NULL),(309,'2021-10-19',2,1111,39.9,834,NULL),(310,'2021-10-19',4,1111,119.76,835,NULL),(311,'2021-10-19',1,111,43.9,835,NULL),(312,'2021-10-19',2,1111,104.58,835,NULL),(313,'2021-10-19',3,1111,101.94,34,NULL),(314,'2021-10-19',2,111,142.88,34,NULL),(315,'2021-10-19',1,1111,82.9,34,NULL),(316,'2021-10-19',4,1111,446.48,34,NULL),(317,'2021-10-22',5,1111,526,588,NULL),(318,'2021-10-19',2,111,99.7,838,NULL),(319,'2021-10-19',5,1111,189,837,NULL),(320,'2021-10-19',4,1111,169.96,836,NULL),(321,'2021-10-19',3,1111,179.46,839,NULL),(322,'2021-10-19',2,1111,56,136,NULL),(323,'2021-10-19',2,1111,215,63,NULL),(324,'2021-10-16',5,1111,199.9,63,NULL),(325,'2021-10-19',3,1111,194.04,116,NULL),(327,'2021-10-19',1,1111,73.74,116,NULL),(328,'2021-10-19',3,11111,101.94,116,NULL),(329,'2021-10-19',1,1111,74.95,54,NULL),(330,'2021-10-19',3,1111,561.81,54,NULL),(331,'2021-09-20',5,1111,554.5,54,NULL),(332,'2021-10-22',2,1111,268.8,54,NULL),(333,'2021-10-19',3,11111,171.24,55,''),(334,'2021-10-19',1,11111,76.48,55,''),(336,'2021-10-19',1,1111,30.56,55,''),(337,'2021-10-19',1,1111,37.98,55,''),(338,'2021-10-19',1,1111,19.9,55,''),(339,'2021-10-19',1,1111,22.12,55,''),(340,'2021-10-23',5,0,425,806,''),(342,'2021-10-02',5,0,169.9,55,''),(343,'2021-10-19',1,0,61.5,230,''),(345,'2021-10-19',3,0,77.94,230,''),(346,'2021-10-19',3,0,269.88,230,''),(347,'2021-09-19',3,0,389.8,230,''),(348,'2021-09-24',3,0,179.9,840,''),(349,'2021-10-19',2,0,78.46,841,''),(350,'2021-08-25',3,0,159.9,846,''),(351,'2021-10-19',2,0,47.98,843,''),(352,'2021-09-19',2,0,113.16,845,''),(353,'2021-09-19',3,0,154.02,845,''),(354,'2021-09-19',3,0,199.14,845,''),(355,'2021-09-19',3,0,277.29,845,''),(356,'2021-10-06',5,0,159.9,844,''),(357,'2021-10-06',5,0,258.7,844,''),(358,'2021-10-19',3,0,121.86,844,''),(359,'2021-10-19',3,0,223.35,844,''),(360,'2021-10-19',5,0,321.9,842,''),(361,'2021-09-08',5,0,149.7,842,''),(362,'2021-10-23',5,0,220,831,'CAMISA'),(363,'2021-09-19',2,0,120.8,842,''),(364,'2021-09-19',2,0,210.2,842,''),(366,'2021-09-19',4,0,286.72,842,''),(367,'2021-09-19',2,0,89.92,842,''),(369,'2021-09-19',3,0,116.94,842,''),(370,'2021-09-19',4,0,119.76,842,''),(371,'2021-09-19',3,0,64.98,842,''),(372,'2021-09-19',4,0,231.52,842,''),(373,'2021-09-19',4,0,135.92,842,''),(374,'2021-10-23',5,0,374.99,134,''),(375,'2021-10-23',3,0,75.78,134,''),(376,'2021-09-30',5,0,231.8,134,''),(377,'2021-09-28',5,0,769.45,134,''),(378,'2021-10-19',1,0,53.2,134,''),(379,'2021-10-19',1,0,39.96,134,''),(380,'2021-10-19',1,0,145.74,134,''),(381,'2021-10-19',1,0,43,134,''),(382,'2021-10-19',4,0,183.84,134,''),(384,'2021-10-02',5,0,139,134,''),(385,'2021-10-14',5,0,268.9,134,''),(386,'2021-10-19',1,0,41.98,654,''),(387,'2021-10-19',2,0,52.16,847,''),(388,'2021-10-19',1,0,83,848,''),(389,'2021-11-17',5,0,311.8,134,''),(391,'2021-10-19',2,0,71.98,39,''),(392,'2021-10-19',2,0,49.9,39,''),(393,'2021-09-23',4,0,104.9,24,''),(394,'2021-10-19',4,0,121.36,24,''),(395,'2021-10-19',3,0,273.78,24,''),(396,'2021-10-19',1,0,39.96,24,''),(397,'2021-09-23',5,0,169.9,24,''),(398,'2021-10-19',5,0,159.9,24,''),(399,'2021-10-19',1,0,47.98,5,''),(400,'2021-10-19',3,0,158.22,5,''),(401,'2021-10-11',5,0,189.8,16,''),(402,'2021-09-21',5,0,814.65,16,''),(403,'2021-10-02',5,0,395.3,16,''),(404,'2021-09-21',2,0,34.9,16,''),(405,'2021-10-16',3,0,223,16,''),(406,'2021-10-16',1,0,50,16,''),(407,'2021-10-10',3,0,300,16,''),(408,'2021-10-19',4,0,386.96,16,''),(409,'2021-10-19',2,0,48,16,''),(410,'2021-10-19',1,0,39.98,16,''),(411,'2021-10-16',4,0,114,16,''),(413,'2021-10-19',1,0,77.74,16,''),(414,'2021-10-19',1,0,25.98,854,''),(415,'2021-10-19',1,0,33.16,853,''),(416,'2021-10-19',2,0,147.72,851,''),(417,'2021-10-15',5,0,293,850,''),(418,'2021-10-23',1,0,46,149,''),(419,'2021-10-19',1,0,56.63,187,''),(420,'2021-10-19',3,0,69.6,852,''),(421,'2021-10-23',5,0,501.7,462,''),(422,'2021-10-16',5,0,199.9,855,''),(423,'2021-10-19',4,0,700.6,855,''),(424,'2021-10-19',1,0,42.26,211,''),(425,'2021-10-19',2,0,151.64,211,''),(426,'2021-10-19',2,0,124.6,591,''),(427,'2021-10-19',4,0,187.88,591,''),(428,'2021-09-19',1,0,101.16,856,''),(429,'2021-09-19',4,0,214.16,856,''),(430,'2021-10-19',3,0,203.46,857,''),(431,'2021-10-19',2,0,103.94,857,''),(433,'2021-10-19',2,0,110,857,''),(434,'2021-09-29',5,0,339.8,189,''),(435,'2021-09-29',5,0,427,189,''),(436,'2021-10-14',5,0,214,189,''),(438,'2021-10-19',2,0,83.74,189,''),(439,'2021-10-19',1,0,85.5,189,''),(440,'2021-10-19',1,0,37.98,189,''),(441,'2021-10-19',3,0,239.34,189,''),(442,'2021-10-19',4,0,135.92,117,''),(443,'2021-10-19',1,0,29.95,117,''),(444,'2021-10-19',3,0,190.8,117,''),(445,'2021-10-19',3,0,396,117,''),(446,'2021-10-19',4,0,297.52,117,''),(447,'2021-10-19',5,0,169.9,122,''),(448,'2021-10-19',1,0,53.98,122,''),(449,'2021-10-19',1,0,47.98,122,''),(450,'2021-10-19',3,0,221.88,122,''),(451,'2021-10-19',3,0,122.82,122,''),(452,'2021-10-19',2,0,104.72,767,''),(453,'2021-10-19',3,0,95.94,767,''),(454,'2021-10-19',3,0,185.88,767,''),(455,'2021-10-19',3,0,299.22,767,''),(456,'2021-10-19',2,0,99.84,767,''),(457,'2021-10-19',4,0,253.84,767,''),(458,'2021-10-19',2,0,167.92,858,''),(459,'2021-10-19',2,0,159.84,858,''),(461,'2021-10-19',2,0,247.86,858,''),(462,'2021-10-19',2,0,75.94,858,''),(463,'2021-10-19',2,0,117.94,858,''),(464,'2021-10-19',2,0,153.32,858,''),(465,'2021-10-19',1,0,41.98,858,''),(466,'2021-10-19',1,0,70.6,858,''),(467,'2021-10-19',3,0,107.94,858,''),(468,'2021-10-25',3,0,96,117,''),(471,'2021-09-21',5,0,209.9,184,''),(472,'2021-09-21',5,0,1068,184,''),(473,'2021-10-19',1,0,39.93,184,''),(474,'2021-10-19',1,0,41.98,184,''),(475,'2021-10-19',1,0,41.98,184,''),(476,'2021-10-19',1,0,71.96,184,''),(477,'2021-10-19',1,0,128.56,184,''),(478,'2021-10-19',1,0,180.9,184,''),(479,'2021-10-19',3,0,878.16,184,''),(480,'2021-10-19',3,0,101.94,184,''),(481,'2021-10-26',5,0,523.6,789,''),(482,'2021-10-26',5,0,159.9,467,''),(483,'2021-10-26',5,0,716.4,467,''),(484,'2021-10-26',5,0,184,163,'CAMISA XADREZ'),(485,'2021-10-26',3,0,229,799,''),(486,'2021-10-26',5,0,130,45,''),(487,'2021-10-26',5,0,1906.3,793,''),(488,'2021-10-26',5,0,222,859,''),(491,'2021-10-26',2,0,1832,860,''),(492,'2021-10-19',5,0,149.9,794,''),(493,'2021-10-19',4,0,422.24,66,''),(494,'2021-08-01',1,0,414.64,440,''),(495,'2021-10-19',5,0,169.9,796,''),(496,'2021-10-17',5,0,311.8,134,''),(497,'2021-10-27',1,0,76,147,''),(498,'2021-10-19',1,0,519.16,378,''),(500,'2021-10-28',5,0,173.9,16,''),(501,'2021-10-28',1,0,13,122,''),(502,'2021-10-28',4,0,96,462,''),(503,'2021-10-28',2,0,79,786,''),(504,'2021-10-29',5,0,519.8,122,''),(505,'2021-10-29',5,0,199.8,163,'');
/*!40000 ALTER TABLE `venda` ENABLE KEYS */;
UNLOCK TABLES;
/*!40103 SET TIME_ZONE=@OLD_TIME_ZONE */;

/*!40101 SET SQL_MODE=@OLD_SQL_MODE */;
/*!40014 SET FOREIGN_KEY_CHECKS=@OLD_FOREIGN_KEY_CHECKS */;
/*!40014 SET UNIQUE_CHECKS=@OLD_UNIQUE_CHECKS */;
/*!40101 SET CHARACTER_SET_CLIENT=@OLD_CHARACTER_SET_CLIENT */;
/*!40101 SET CHARACTER_SET_RESULTS=@OLD_CHARACTER_SET_RESULTS */;
/*!40101 SET COLLATION_CONNECTION=@OLD_COLLATION_CONNECTION */;
/*!40111 SET SQL_NOTES=@OLD_SQL_NOTES */;

-- Dump completed on 2021-10-29 20:31:52
