-- MySQL dump 10.13  Distrib 5.6.17, for Win64 (x86_64)
--
-- Host: localhost    Database: convenio
-- ------------------------------------------------------
-- Server version	5.5.5-10.1.35-MariaDB

/*!40101 SET @OLD_CHARACTER_SET_CLIENT=@@CHARACTER_SET_CLIENT */;
/*!40101 SET @OLD_CHARACTER_SET_RESULTS=@@CHARACTER_SET_RESULTS */;
/*!40101 SET @OLD_COLLATION_CONNECTION=@@COLLATION_CONNECTION */;
/*!40101 SET NAMES utf8 */;
/*!40103 SET @OLD_TIME_ZONE=@@TIME_ZONE */;
/*!40103 SET TIME_ZONE='+00:00' */;
/*!40014 SET @OLD_UNIQUE_CHECKS=@@UNIQUE_CHECKS, UNIQUE_CHECKS=0 */;
/*!40014 SET @OLD_FOREIGN_KEY_CHECKS=@@FOREIGN_KEY_CHECKS, FOREIGN_KEY_CHECKS=0 */;
/*!40101 SET @OLD_SQL_MODE=@@SQL_MODE, SQL_MODE='NO_AUTO_VALUE_ON_ZERO' */;
/*!40111 SET @OLD_SQL_NOTES=@@SQL_NOTES, SQL_NOTES=0 */;

--
-- Table structure for table `cliente`
--

DROP TABLE IF EXISTS `cliente`;
/*!40101 SET @saved_cs_client     = @@character_set_client */;
/*!40101 SET character_set_client = utf8 */;
CREATE TABLE `cliente` (
  `idcliente` int(11) NOT NULL AUTO_INCREMENT,
  `idconvenio` int(11) NOT NULL,
  `idsexo` int(11) NOT NULL,
  `idestadocivil` int(11) NOT NULL,
  `nome` varchar(255) DEFAULT NULL,
  `telefone` varchar(25) DEFAULT NULL,
  `endereco` varchar(255) DEFAULT NULL,
  `endereconr` varchar(15) DEFAULT NULL,
  `bairro` varchar(45) DEFAULT NULL,
  `cpf` varchar(25) DEFAULT NULL,
  `identidade` varchar(25) DEFAULT NULL,
  `naturalidade` varchar(45) DEFAULT NULL,
  `pai` varchar(45) DEFAULT NULL,
  `mae` varchar(45) DEFAULT NULL,
  `emprego` varchar(45) DEFAULT NULL,
  `cargo` varchar(45) DEFAULT NULL,
  `dataadmissao` date DEFAULT NULL,
  `renda` double DEFAULT NULL,
  `datanasc` date DEFAULT NULL,
  `limite` double DEFAULT NULL,
  `situacao` enum('ativo','inativo','bloqueado') DEFAULT 'ativo',
  `observacao` text,
  PRIMARY KEY (`idcliente`),
  KEY `fk_cliente_convenio_idx` (`idconvenio`),
  KEY `fk_cliente_sexo1_idx` (`idsexo`),
  KEY `fk_cliente_estadocivil1_idx` (`idestadocivil`),
  CONSTRAINT `fk_cliente_convenio` FOREIGN KEY (`idconvenio`) REFERENCES `convenio` (`idconvenio`) ON DELETE NO ACTION ON UPDATE NO ACTION,
  CONSTRAINT `fk_cliente_estadocivil1` FOREIGN KEY (`idestadocivil`) REFERENCES `estadocivil` (`idestadocivil`) ON DELETE NO ACTION ON UPDATE NO ACTION,
  CONSTRAINT `fk_cliente_sexo1` FOREIGN KEY (`idsexo`) REFERENCES `sexo` (`idsexo`) ON DELETE NO ACTION ON UPDATE NO ACTION
) ENGINE=InnoDB AUTO_INCREMENT=353 DEFAULT CHARSET=utf8;
/*!40101 SET character_set_client = @saved_cs_client */;

--
-- Dumping data for table `cliente`
--

LOCK TABLES `cliente` WRITE;
/*!40000 ALTER TABLE `cliente` DISABLE KEYS */;
INSERT INTO `cliente` VALUES (141,1,2,1,'ALINE ARRIAGA MAIA DOS SANTOS','96814458','EMILIO TAUCEDO','3901','','021276190-05','6096865107','URUGUAIANA','','','','','2012-01-01',0,'1900-01-01',0,'inativo','teste aline arriaga'),(142,1,2,1,'Anaelise Arriaga Nunes','3411-8491','Estilac Leal','2367','','123456789','1101626073','','','','','','1900-01-01',0,'1900-01-01',0,'ativo',''),(143,1,2,1,'Angela de Brum Fl?res','99478763','Borges da costa','3648','','61002453020','2028867766','','','','','','1900-01-01',1,'1900-01-01',1,'ativo',''),(144,1,2,1,'Adriana Ibarra Alves','','Andradas','1685','','80581862015','5032123118','','','','','','1900-01-01',0,'1900-01-01',0,'ativo',''),(145,1,2,1,'Aline de souza Bibiano','99339969','venacio aires','','','96336790010','901356771','','','','','','1900-01-01',0,'1900-01-01',0,'ativo',''),(146,1,2,1,'Bianca dos santos Oliveira','99777243',' Borges da costa','3620',NULL,'2826708074','1106322934',NULL,NULL,NULL,NULL,NULL,'1900-01-01',NULL,'1900-01-01',NULL,'ativo',NULL),(148,1,2,1,'Cibele da silva Abreu','99056434','Santana','3746',NULL,'1488561010','1095189443',NULL,NULL,NULL,NULL,NULL,'1900-01-01',NULL,'1900-01-01',NULL,'ativo',NULL),(149,1,2,1,'Catia Albeche Castanho','99012922','Bento Martins','','','123456789','9117280711','','','','','','1900-01-01',1,'1900-01-01',1,'ativo',''),(150,1,2,1,'Carla Priscila De Mello','81103414','Cohab 2- Q 2','1658',NULL,'005100630-80','3084127989',NULL,NULL,NULL,NULL,NULL,'1900-01-01',NULL,'1900-01-01',NULL,'ativo',NULL),(152,1,2,1,'Carla Denise Dedeco Dornelles','99939512','Padre Anchieta','1381',NULL,'013750090-44','5095846811',NULL,NULL,NULL,NULL,NULL,'1900-01-01',NULL,'1900-01-01',NULL,'ativo',NULL),(153,1,2,1,'Eleir Margarete da rosa','99002137','Prado-Lima ','1786','','903474120-68','2043024451','','','','','','1900-01-01',1000,'1900-01-01',200,'ativo',''),(154,1,1,1,'Fabiano de Oliveira Pinto','96956522','Promorar 2 Q-15','25',NULL,'95909095072','8071332558',NULL,NULL,NULL,NULL,NULL,'1900-01-01',NULL,'1900-01-01',NULL,'ativo',NULL),(155,1,2,1,'Greice Kelly Pereira Arriaga','99530599','Emilio Taucedo','3953',NULL,'016702780-85','1101626685',NULL,NULL,NULL,NULL,NULL,'1900-01-01',NULL,'1900-01-01',NULL,'ativo',NULL),(156,1,2,1,'Gisele Teixeira de Moura','96764063','Adir Mascia ','2002',NULL,'023190060-01','1092794138',NULL,NULL,NULL,NULL,NULL,'1900-01-01',NULL,'1900-01-01',NULL,'ativo',NULL),(157,1,2,1,'Helenice Vogel Moreira Soares','99494177','Julio de castilhos','4095',NULL,'745894070-00','3066732946',NULL,NULL,NULL,NULL,NULL,'1900-01-01',NULL,'1900-01-01',NULL,'ativo',NULL),(158,1,2,1,'Iara Regina da Rosa Rodrigues ','3411-5290','Presidente Vargas /Beco 1/bairro santana','150',NULL,'745895630-53','8121119823',NULL,NULL,NULL,NULL,NULL,'1900-01-01',NULL,'1900-01-01',NULL,'ativo',NULL),(159,1,2,1,'Ivonir da Silva Oliveira','3413-1768','Adir Mascia ','2373',NULL,'905878040-68','7008420429',NULL,NULL,NULL,NULL,NULL,NULL,NULL,'1900-01-01',NULL,'ativo',NULL),(160,1,2,1,'Ingridi Pereira Arriaga','96574300','Emilio Taucedo','3955',NULL,'2976270074','9108637357',NULL,NULL,NULL,NULL,NULL,'1900-01-01',NULL,'1900-01-01',NULL,'ativo',NULL),(161,1,2,1,'Juliana Pav?o','96753485','Adir Mascia ','130',NULL,'011214110-29','7095198508',NULL,NULL,NULL,NULL,NULL,'1900-01-01',NULL,'1900-01-01',NULL,'ativo',NULL),(162,1,1,1,'Jonathan Adir Pereira Arriaga','99530596','Emilio Taucedo','3955',NULL,'025875190-80','8106549558',NULL,NULL,NULL,NULL,NULL,'1900-01-01',NULL,'1900-01-01',NULL,'ativo',NULL),(163,1,2,1,'Joseane Rocha Schiaffino','99158458','Alceu wamosy','1060',NULL,'815685410-15','5068147403',NULL,NULL,NULL,NULL,NULL,'1900-01-01',NULL,'1900-01-01',NULL,'ativo',NULL),(164,1,2,1,'Lidiane da Silva Abreu','99321266','Adir Mascia ','1218',NULL,'004915080-42','7080715837',NULL,NULL,NULL,NULL,NULL,'1900-01-01',NULL,'1900-01-01',NULL,'ativo',NULL),(165,1,2,1,'Liliam pereira Guimar?es','','Rodrigues Portugal','1580',NULL,'014894250-47','6098096123',NULL,NULL,NULL,NULL,NULL,'1900-01-01',NULL,'1900-01-01',NULL,'ativo',NULL),(166,1,2,1,'Leda Juliana Gon?alves Oliveira','99294881','TV- Adolfo Martins de Menezes','1830',NULL,'99294881','1075323145',NULL,NULL,NULL,NULL,NULL,'1900-01-01',NULL,'1900-01-01',NULL,'ativo',NULL),(167,1,2,1,'Luiza Terezinha Pedroso Maidana','96375609','Feliciano Ribeiro ','2354',NULL,'020077510-38','1075322485',NULL,NULL,NULL,NULL,NULL,'1900-01-01',NULL,'1900-01-01',NULL,'ativo',NULL),(168,1,2,1,'Luana Cristina Quintana De Lima','96527033','Lais Pinto Bermudes /Ap 747','747',NULL,'022585090-76','7092802524',NULL,NULL,NULL,NULL,NULL,'1900-01-01',NULL,'1900-01-01',NULL,'ativo',NULL),(169,1,1,1,'Luiz Fernando Nunes dos Santos','96741714','Pinheiro Machado  TV 40','150',NULL,'811810430-34','1080718198',NULL,NULL,NULL,NULL,NULL,'1900-01-01',NULL,'1900-01-01',NULL,'ativo',NULL),(170,1,2,1,'Maguidale Ramos Carvalho','99873503','Prolar Quadra 17','12',NULL,'95027548087','1066727734',NULL,NULL,NULL,NULL,NULL,'1900-01-01',NULL,'1900-01-01',NULL,'ativo',NULL),(171,1,2,1,'Maraglai Arriaga Maia','96479282','Emilio Taucedo','3901',NULL,'1493911023','2071333781',NULL,NULL,NULL,NULL,NULL,'1900-01-01',NULL,'1900-01-01',NULL,'ativo',NULL),(172,1,2,1,'Marcia Teresa Nolasco','96716536','Promorar 2 Q-3','8',NULL,'3371703045','2117316841',NULL,NULL,NULL,NULL,NULL,'1900-01-01',NULL,'1900-01-01',NULL,'ativo',NULL),(173,1,2,1,'Marta Mello De Brum Oliveira','96136457','Padre Anchieta','876',NULL,'507344310-15','1039003452',NULL,NULL,NULL,NULL,NULL,'1900-01-01',NULL,'1900-01-01',NULL,'ativo',NULL),(174,1,2,1,'Maria Cristina Souza Ceccon','99226070','Padre Anchieta','1081',NULL,'952117300-97','6061889249',NULL,NULL,NULL,NULL,NULL,'1900-01-01',NULL,'1900-01-01',NULL,'ativo',NULL),(175,1,2,1,'Maria de Fatima Nunes Farias Pereira','99289243','Loteamento Almeida  Q-404B','16',NULL,'715463670-04','',NULL,NULL,NULL,NULL,NULL,'1900-01-01',NULL,'1900-01-01',NULL,'ativo',NULL),(176,1,2,1,'Nidia Elizandra de Souza Pereira','99382104','Jo?o Paulo 2 Q 20','28',NULL,'005043620-11','1093951711',NULL,NULL,NULL,NULL,NULL,'1900-01-01',NULL,'1900-01-01',NULL,'ativo',NULL),(177,1,2,1,'Nezir Alberti Arriaga','99013781','Emilio Taucedo','3901',NULL,'667432140-00','5054865026',NULL,NULL,NULL,NULL,NULL,'1900-01-01',NULL,'1900-01-01',NULL,'ativo',NULL),(178,1,2,1,'Priscila Sabrina Brasil Mendes','','General Vitorino TV-1','145',NULL,'022869760-31','6107588144',NULL,NULL,NULL,NULL,NULL,'1900-01-01',NULL,'1900-01-01',NULL,'ativo',NULL),(179,1,2,1,'Pamela dos santos Oliveira','99777243','Borges da costa','3620',NULL,'002366610-27','7083739081',NULL,NULL,NULL,NULL,NULL,'1900-01-01',NULL,'1900-01-01',NULL,'ativo',NULL),(180,1,2,1,'Rosa Pereira','99948542','TV- Adolfo Martins de Menezes','1830',NULL,'304538360-20','',NULL,NULL,NULL,NULL,NULL,'1900-01-01',NULL,'1900-01-01',NULL,'ativo',NULL),(181,1,2,1,'Rosangela Mireles Souto','','Padre Anchieta','642',NULL,'1646130057','2102004121',NULL,NULL,NULL,NULL,NULL,'1900-01-01',NULL,'1900-01-01',NULL,'ativo',NULL),(182,1,2,1,'Rosana Brites Valau','96234005','Sete de setembro','3896',NULL,'1635712017','1101624847',NULL,NULL,NULL,NULL,NULL,'1900-01-01',NULL,'1900-01-01',NULL,'ativo',NULL),(183,1,2,1,'Rosemery Vaz Pereira','96566728','Marechal Floriano','',NULL,'002535380-25','1068155769',NULL,NULL,NULL,NULL,NULL,'1900-01-01',NULL,'1900-01-01',NULL,'ativo',NULL),(184,1,2,1,'Rosane Terezinha Viana da silva','','Telmo Bastos','3912',NULL,'430007030-04','6066723799',NULL,NULL,NULL,NULL,NULL,'1900-01-01',NULL,'1900-01-01',NULL,'ativo',NULL),(185,1,2,1,'Roseli Machado Fonseca','91480062','Andradas','3894',NULL,'776883330-91','1066748649',NULL,NULL,NULL,NULL,NULL,'1900-01-01',NULL,'1900-01-01',NULL,'ativo',NULL),(186,1,2,1,'Sandra Itiane Silveira Amorim','99380886','Andradas','2025',NULL,'005511620-58','8064058608',NULL,NULL,NULL,NULL,NULL,'1900-01-01',NULL,'1900-01-01',NULL,'ativo',NULL),(187,1,2,1,'Sandra Michele Marinho de Souza Dias','3411-4880','Borges da costa','3882',NULL,'730616970-04','5053031018',NULL,NULL,NULL,NULL,NULL,'1900-01-01',NULL,'1900-01-01',NULL,'ativo',NULL),(188,1,2,1,'Simone Maia Machado','99000440','Aleicho Vurlo','3940','','188188188','5096863708','','','','','','1900-01-01',0,'1900-01-01',0,'ativo',''),(189,1,2,1,'Solange Bride de Brum','3411-4971','Borges da costa','3658',NULL,'456889820-04','203515174',NULL,NULL,NULL,NULL,NULL,'1900-01-01',NULL,'1900-01-01',NULL,'ativo',NULL),(190,1,2,1,'Sandra Mara Silva Larr?','99603198','Rodrigues Portugal','1380',NULL,'791468990-49','2092108055',NULL,NULL,NULL,NULL,NULL,'1900-01-01',NULL,'1900-01-01',NULL,'ativo',NULL),(191,1,2,1,'Sandra Mara Soares','3411-4767','Albertino Pires TV-39','345',NULL,'515844410-20','4047331436',NULL,NULL,NULL,NULL,NULL,'1900-01-01',NULL,'1900-01-01',NULL,'ativo',NULL),(192,1,2,1,'Simone de Souza Aires','3412-1595','','11',NULL,'946190340-53','7076935571',NULL,NULL,NULL,NULL,NULL,'1900-01-01',NULL,'1900-01-01',NULL,'ativo',NULL),(193,1,2,1,'Simone Nunes Oliveira','3413-8682','Gregorio Beregaray','3735',NULL,'975027660-49','5068215747',NULL,NULL,NULL,NULL,NULL,'1900-01-01',NULL,'1900-01-01',NULL,'ativo',NULL),(194,1,2,1,'Terezinha de Jesus Pereira Alves','3412-1817','Tiradentes','2937',NULL,'271766220-00','6007782672',NULL,NULL,NULL,NULL,NULL,'1900-01-01',NULL,'1900-01-01',NULL,'ativo',NULL),(195,1,1,1,'Vanessa Brum Felipe','97116167','Adir Mascia ','1987',NULL,'011045480-46','7075827209',NULL,NULL,NULL,NULL,NULL,'1900-01-01',NULL,'1900-01-01',NULL,'ativo',NULL),(196,1,2,1,'Wagner Da Silva Fagundes','99959598','Gregorio Beregaray','2376',NULL,'012808060-44','1102004338',NULL,NULL,NULL,NULL,NULL,'1900-01-01',NULL,'1900-01-01',NULL,'ativo',NULL),(197,2,2,1,'Claudia PradoTrindade','3412-3539','General Vitorino TV-1','3717',NULL,'762187400-72','8057611348',NULL,NULL,NULL,NULL,NULL,'1900-01-01',NULL,'1900-01-01',NULL,'ativo',NULL),(198,2,2,1,'Sonia Regina Marques Silveira','3413-4320','General camara ','2900',NULL,'61001546091','6051617931',NULL,NULL,NULL,NULL,NULL,'1900-01-01',NULL,'1900-01-01',NULL,'ativo',NULL),(199,2,2,1,'Nelida Terezinha Pinto Sanguinetti','99785888','13 de maio','2326',NULL,'345096310-49','9028046861',NULL,NULL,NULL,NULL,NULL,'1900-01-01',NULL,'1900-01-01',NULL,'ativo',NULL),(200,2,1,1,'Cleber Roberto Judaber','96251478','Duque de Caxias ','1525',NULL,'535823490-04','',NULL,NULL,NULL,NULL,NULL,'1900-01-01',NULL,'1900-01-01',NULL,'ativo',NULL),(201,2,2,1,'Madalena Maria Christofari','34126380','','',NULL,'438303740-20','8019520264',NULL,NULL,NULL,NULL,NULL,'1900-01-01',NULL,'1900-01-01',NULL,'ativo',NULL),(202,3,2,1,'Elevi Cortelini Albuquerque Junior','99955489','Domingos Almeida ','3913',NULL,'80603742068','1076287182',NULL,NULL,NULL,NULL,NULL,'1900-01-01',NULL,'1900-01-01',NULL,'ativo',NULL),(203,3,1,1,'Paulo sergio Astro Da cunha','','Jose Gomes de souza','1522',NULL,'64014525015','6038082365',NULL,NULL,NULL,NULL,NULL,'1900-01-01',NULL,'1900-01-01',NULL,'ativo',NULL),(204,4,2,1,'Ana Carla Teixeira Vargas','99657780','Ram?o Prunes de oliveira ','2559',NULL,'1268294037','4081077631',NULL,NULL,NULL,NULL,NULL,'1900-01-01',NULL,'1900-01-01',NULL,'ativo',NULL),(205,4,1,1,'Mercio  Fernandes','3412-3103','Jose Gomes de souza','1411',NULL,'89131002072','6026676434',NULL,NULL,NULL,NULL,NULL,'1900-01-01',NULL,'1900-01-01',NULL,'ativo',NULL),(206,4,2,1,'Rosane  dos Santos Pereira','81391894','Pedro Iralda','147',NULL,'1066667039','1061889604',NULL,NULL,NULL,NULL,NULL,'1900-01-01',NULL,'1900-01-01',NULL,'ativo',NULL),(207,4,2,1,'Daniele Rodrigues da Silva','99448479','Jos? Francisco Pereira da Silva','1363',NULL,'011117240-32','3083736946',NULL,NULL,NULL,NULL,NULL,'1900-01-01',NULL,'1900-01-01',NULL,'ativo',NULL),(208,4,2,1,'Mara Regina Curbela','99443810','Perimetral','385',NULL,'020325580-17','1073832519',NULL,NULL,NULL,NULL,NULL,'1900-01-01',NULL,'1900-01-01',NULL,'ativo',NULL),(209,4,2,1,'Katia Alexandra Leal Ajala','96631291','Perimetral','529',NULL,'019103380-44','9103710308',NULL,NULL,NULL,NULL,NULL,'1900-01-01',NULL,'1900-01-01',NULL,'ativo',NULL),(210,4,2,1,'Eliziane de Moura Safons','3412-1162','Joaquim Murtinho','2839',NULL,'006246150-81','4089972006',NULL,NULL,NULL,NULL,NULL,'1900-01-01',NULL,'1900-01-01',NULL,'ativo',NULL),(211,4,1,1,'Carlos Alberto Nunes Teixeira','99738093','Ram?o Prunes de oliveira ','2759','','70090041020','3052710401','','','','','','1900-01-01',1,'1900-01-01',1,'ativo','teste observações'),(212,4,1,1,'Rodrigo Giovani da Silva Gomes','96960070',' General Hipolito','4016',NULL,'1108014070','4047341328',NULL,NULL,NULL,NULL,NULL,'1900-01-01',NULL,'1900-01-01',NULL,'ativo',NULL),(213,4,2,1,'J?ssica Munhoz da Rosa','84075271','Chacara do sol  Rua X ','630',NULL,'017719000-55','1114508151',NULL,NULL,NULL,NULL,NULL,'1900-01-01',NULL,'1900-01-01',NULL,'ativo',NULL),(214,4,2,1,'Clara Danielle Cardias ','99974305','General Hipolito ','4016',NULL,'837717190-20','4056930607',NULL,NULL,NULL,NULL,NULL,'1900-01-01',NULL,'1900-01-01',NULL,'ativo',NULL),(215,4,1,1,'Geraldo Fonseca de Vargas Junior','96457398','Jo?o Oliveira','822',NULL,'015623890-09','2073835122',NULL,NULL,NULL,NULL,NULL,'1900-01-01',NULL,'1900-01-01',NULL,'ativo',NULL),(216,4,2,1,'Neila do Carmo Visintainer','3413536','','',NULL,'672402830-20','6054707622',NULL,NULL,NULL,NULL,NULL,'1900-01-01',NULL,'1900-01-01',NULL,'ativo',NULL),(217,4,1,1,'Eder Oliveira de vargas','3411-3626','Ram?o Prunes de oliveira ','2759',NULL,'957265780-15','9036000926',NULL,NULL,NULL,NULL,NULL,'1900-01-01',NULL,'1900-01-01',NULL,'ativo',NULL),(218,4,2,1,'Ana Lucia Nunes Teixeira','99733843','Ram?o Prunes de oliveira ','2759',NULL,'535647310-91','7027100467',NULL,NULL,NULL,NULL,NULL,'1900-01-01',NULL,'1900-01-01',NULL,'ativo',NULL),(219,5,2,1,'Elice Renata Oliveira de Souza','','Jo?o Rossi ','370',NULL,'822450880-34','1075825487',NULL,NULL,NULL,NULL,NULL,'1900-01-01',NULL,'1900-01-01',NULL,'ativo',NULL),(220,5,2,1,'Jaciara Acosta Nunes','34125401','13 de maio','3569',NULL,'011117010-74','4083382889',NULL,NULL,NULL,NULL,NULL,'1900-01-01',NULL,'1900-01-01',NULL,'ativo',NULL),(221,5,2,1,'Renata Otanha Nunes','99431068','7 de setembro','3158',NULL,'1237995035','9098307938',NULL,NULL,NULL,NULL,NULL,'1900-01-01',NULL,'1900-01-01',NULL,'ativo',NULL),(222,5,2,1,'Aline Silva Monteiro','99018635','TV-Victoriano Ribeiro','201',NULL,'028233360-60','3089967826',NULL,NULL,NULL,NULL,NULL,'1900-01-01',NULL,'1900-01-01',NULL,'ativo',NULL),(223,5,2,1,'Andria de Souza Amaral','99915432','Antonio Monteiro ','1188',NULL,'1235678015','2079892945',NULL,NULL,NULL,NULL,NULL,'1900-01-01',NULL,'1900-01-01',NULL,'ativo',NULL),(224,6,2,1,'Valeria do Prado Machado','84156321','Mario Quintana ','1838',NULL,'011187620-61','1068148161',NULL,NULL,NULL,NULL,NULL,'1900-01-01',NULL,'1900-01-01',NULL,'ativo',NULL),(225,6,2,1,'Dianifer da Silva','','Emilio Taucedo','4396',NULL,'017367300-70','3079900514',NULL,NULL,NULL,NULL,NULL,'1900-01-01',NULL,'1900-01-01',NULL,'ativo',NULL),(226,6,2,1,'Gislei Ferreira Chagas','91425692','Marechal Deodoro','1930',NULL,'730688610-04','7041714333',NULL,NULL,NULL,NULL,NULL,'1900-01-01',NULL,'1900-01-01',NULL,'ativo',NULL),(227,6,2,1,'Fabiane do Prado Machado Scholz','96222455','Mario Quintana ','1238',NULL,'009437450-39','7068148365',NULL,NULL,NULL,NULL,NULL,'1900-01-01',NULL,'1900-01-01',NULL,'ativo',NULL),(228,6,2,1,'Maria Isabel Naressi da Silva','84415947','venacio aires','170',NULL,'355633035','5087103651',NULL,NULL,NULL,NULL,NULL,'1900-01-01',NULL,'1900-01-01',NULL,'ativo',NULL),(229,7,1,1,'Fabio Fuques Scola','96578397','Bento Gon?alves','2355',NULL,'000108660-00','4075322612',NULL,NULL,NULL,NULL,NULL,'1900-01-01',NULL,'1900-01-01',NULL,'ativo',NULL),(230,7,2,1,'Andreia Benites Melo','3413-6997','Estilac Leal','2958',NULL,'14360106831','8113249547',NULL,NULL,NULL,NULL,NULL,'1900-01-01',NULL,'1900-01-01',NULL,'ativo',NULL),(231,7,2,1,'Rosane Cristina Ferraz Scalvenzi','91029800','Alceu wamosy','1216',NULL,'002918810-50','2080717347',NULL,NULL,NULL,NULL,NULL,'1900-01-01',NULL,'1900-01-01',NULL,'ativo',NULL),(232,7,1,1,'Jonas Dos Santos Ocampo','84415947','venacio aires','170',NULL,'003032840-30','1081809582',NULL,NULL,NULL,NULL,NULL,'1900-01-01',NULL,'1900-01-01',NULL,'ativo',NULL),(233,7,2,1,'Isabela Fagundes Lima','3413-4470','Benjamim Constante ','942',NULL,'014406120-13','1099497768',NULL,NULL,NULL,NULL,NULL,'1900-01-01',NULL,'1900-01-01',NULL,'ativo',NULL),(234,8,2,1,'Bruna Fideles Gomes ','3411-8432','Santana','4445',NULL,'027005960-13','1098885732',NULL,NULL,NULL,NULL,NULL,'1900-01-01',NULL,'1900-01-01',NULL,'ativo',NULL),(235,8,2,1,'Bruna Flores Martins','3413-1025','Fabio Barros ','169',NULL,'989367860-91','4074845837',NULL,NULL,NULL,NULL,NULL,'1900-01-01',NULL,'1900-01-01',NULL,'ativo',NULL),(236,8,2,1,'Jana?na Menezes ','84240093','Diego Lanziani','833',NULL,'824383150-91','5079902762',NULL,NULL,NULL,NULL,NULL,'1900-01-01',NULL,'1900-01-01',NULL,'ativo',NULL),(237,8,2,1,'Silvia da Silva Cardoso','99156035','Andradas','753',NULL,'009800420-46','3079890764',NULL,NULL,NULL,NULL,NULL,'1900-01-01',NULL,'1900-01-01',NULL,'ativo',NULL),(238,9,2,1,'Maria Ivone de Oliveira Garcia','91365734','Marechal Floriano','1115',NULL,'001611810-31','8057907639',NULL,NULL,NULL,NULL,NULL,'1900-01-01',NULL,'1900-01-01',NULL,'ativo',NULL),(239,9,2,1,'Graciela Pereira Carvalho','81398765','','',NULL,'919905990-87','2054924523',NULL,NULL,NULL,NULL,NULL,'1900-01-01',NULL,'1900-01-01',NULL,'ativo',NULL),(240,9,2,1,'Claudia Adriana Barbosa de Camargo','99495139','Andradas','1095',NULL,'905425760-15','5095350137',NULL,NULL,NULL,NULL,NULL,'1900-01-01',NULL,'1900-01-01',NULL,'ativo',NULL),(241,10,2,1,'Neiza das Gra?as Rodrigues Char?o','84393545','','',NULL,'333043780-49','8016826359',NULL,NULL,NULL,NULL,NULL,'1900-01-01',NULL,'1900-01-01',NULL,'ativo',NULL),(242,10,1,1,'Marcelo Augusto Cabrera Teixeira','84396208','Benjamim Constante ','3282',NULL,'667476000-53','8042069487',NULL,NULL,NULL,NULL,NULL,'1900-01-01',NULL,'1900-01-01',NULL,'ativo',NULL),(243,10,2,1,'Maiara Dias de Barros','99223871','venacio aires','3129',NULL,'014390630-52','6093772331',NULL,NULL,NULL,NULL,NULL,'1900-01-01',NULL,'1900-01-01',NULL,'ativo',NULL),(244,10,2,1,'Elizandra Barboza de Souza','34117171','General Hipolito ','3552',NULL,'002436220-40','6089970674',NULL,NULL,NULL,NULL,NULL,'1900-01-01',NULL,'1900-01-01',NULL,'ativo',NULL),(245,10,2,1,'Vanessa Gomes Luzardo','34133534','Waldemar Dressler','258',NULL,'016863420-12','5095167531',NULL,NULL,NULL,NULL,NULL,'1900-01-01',NULL,'1900-01-01',NULL,'ativo',NULL),(246,10,2,1,'Marta Helena Goularte','','Prado-Lima ','2367',NULL,'777068620-20','4047340486',NULL,NULL,NULL,NULL,NULL,'1900-01-01',NULL,'1900-01-01',NULL,'ativo',NULL),(247,10,2,1,'Lilian de Souza Jacques','81335155','Vasco Alves','3310',NULL,'030594960-80','6081068394',NULL,NULL,NULL,NULL,NULL,'1900-01-01',NULL,'1900-01-01',NULL,'ativo',NULL),(248,10,2,1,'Alessandra Kaufmann dos Santos','91515411','Bento Martins','2965',NULL,'926150900-20','8037329102',NULL,NULL,NULL,NULL,NULL,'1900-01-01',NULL,'1900-01-01',NULL,'ativo',NULL),(249,10,2,1,'Monica Graciela Fernandes da Silveira','99245988','Estilac Leal','533',NULL,'008675920-52','1092797751',NULL,NULL,NULL,NULL,NULL,'1900-01-01',NULL,'1900-01-01',NULL,'ativo',NULL),(250,10,1,1,'Euclides Fernandes de Oliveira','99224568','','',NULL,'','50589491-81',NULL,NULL,NULL,NULL,NULL,'1900-01-01',NULL,'1900-01-01',NULL,'ativo',NULL),(251,10,2,1,'Fernanda Fiqueiro Tavares','99125391','13 de maio','2027',NULL,'013817150-52','9083381088',NULL,NULL,NULL,NULL,NULL,'1900-01-01',NULL,'1900-01-01',NULL,'ativo',NULL),(252,10,2,1,'Vanuze Barbosa de Souza','96216548','General Hipolito ','3581',NULL,'802781750-15','1073819763',NULL,NULL,NULL,NULL,NULL,'1900-01-01',NULL,'1900-01-01',NULL,'ativo',NULL),(253,10,2,1,'Rubia Cardoso Soares','96127404','Dr? Maia ','4383',NULL,'776945540-53','7054872771',NULL,NULL,NULL,NULL,NULL,'1900-01-01',NULL,'1900-01-01',NULL,'ativo',NULL),(254,10,2,1,'Eunice Aimon Telles','99218602','Pedro Sorreae ','1170',NULL,'746094400-91','1083383925',NULL,NULL,NULL,NULL,NULL,'1900-01-01',NULL,'1900-01-01',NULL,'ativo',NULL),(255,10,2,1,'Olivia Ferreira Espindola','81187541','Jo?o Mendes de Assis','846',NULL,'015363190-23','2040116713',NULL,NULL,NULL,NULL,NULL,'1900-01-01',NULL,'1900-01-01',NULL,'ativo',NULL),(256,11,1,1,'Darci Lopes Soares','','TV-1 Chacara  sol','14',NULL,'002378500-03','1085531083',NULL,NULL,NULL,NULL,NULL,'1900-01-01',NULL,'1900-01-01',NULL,'ativo',NULL),(257,11,2,1,'Maria Cristina Mainardi Freitas','91811860','Domingos Almeida ','2676',NULL,'667358070-49','3008782314',NULL,NULL,NULL,NULL,NULL,'1900-01-01',NULL,'1900-01-01',NULL,'ativo',NULL),(258,11,2,1,'Isabel Cristina de Mello Soares','99486260','Hercules Alaor Bom','642',NULL,'425984190-49','8054920833',NULL,NULL,NULL,NULL,NULL,'1900-01-01',NULL,'1900-01-01',NULL,'ativo',NULL),(259,11,2,1,'Mara Teresinha Peres da Silva','3413-3856','Loteamento D.Laura Areas Verdes','33',NULL,'906178940-00','5055950561',NULL,NULL,NULL,NULL,NULL,'1900-01-01',NULL,'1900-01-01',NULL,'ativo',NULL),(260,11,2,1,'Edite Jocelaine Klassmann kelm','3413-4326','Jo?o Pero','1136',NULL,'002429270-25','1048829038',NULL,NULL,NULL,NULL,NULL,'1900-01-01',NULL,'1900-01-01',NULL,'ativo',NULL),(261,11,2,1,'Carmem Janete dos Santos Monsilha ','99742171','Professor Luis Antonio Lopes','2182',NULL,'88318702034','9066750036',NULL,NULL,NULL,NULL,NULL,'1900-01-01',NULL,'1900-01-01',NULL,'ativo',NULL),(262,11,1,1,'Alceu Valmir dos Santos Izaquires','34117171','Carumb? Q:Q','14',NULL,'639764470-72','1037726344',NULL,NULL,NULL,NULL,NULL,'1900-01-01',NULL,'1900-01-01',NULL,'ativo',NULL),(263,11,1,1,'Alexandre Alves de Souza','99193245','Iris Valls','3105',NULL,'4306793820','5054865166',NULL,NULL,NULL,NULL,NULL,'1900-01-01',NULL,'1900-01-01',NULL,'ativo',NULL),(264,11,2,1,'Maraglai da Rosa Leal','96608860','TV-Jo?o Oliveira','935',NULL,'667466040-04','9021978664',NULL,NULL,NULL,NULL,NULL,'1900-01-01',NULL,'1900-01-01',NULL,'ativo',NULL),(265,11,1,1,'Cleonir de Castro Santos','','Areas Verdes Q:T ','28',NULL,'730520940-68','4061822501',NULL,NULL,NULL,NULL,NULL,'1900-01-01',NULL,'1900-01-01',NULL,'ativo',NULL),(266,12,2,1,'Rosaura Gorges Trindade','99435577','Ariosto Cantori ','635',NULL,'911287300-49','8023419115',NULL,NULL,NULL,NULL,NULL,'1900-01-01',NULL,'1900-01-01',NULL,'ativo',NULL),(267,12,2,1,'Karen Daniele Gorges Trindade','99772436','Ariosto Cantori ','635',NULL,'015527870-36','1095191696',NULL,NULL,NULL,NULL,NULL,'1900-01-01',NULL,'1900-01-01',NULL,'ativo',NULL),(268,13,2,1,'Fatima Carolina Cooper Inove','3401-1981','15 de novembro','1616',NULL,'304604760-68','9034707837',NULL,NULL,NULL,NULL,NULL,'1900-01-01',NULL,'1900-01-01',NULL,'ativo',NULL),(269,14,1,1,'Luiz Felipe Machado Pereira','99382775','Prado-Lima ','3287',NULL,'424165900-49','6032318401',NULL,NULL,NULL,NULL,NULL,'1900-01-01',NULL,'1900-01-01',NULL,'ativo',NULL),(270,15,1,1,'Givago Soares de Mattos','96145245','cohab 2-Q-1 ','5',NULL,'011623600-03','6094304331',NULL,NULL,NULL,NULL,NULL,'1900-01-01',NULL,'1900-01-01',NULL,'ativo',NULL),(271,15,2,1,'?len de Mattos Ozehoski','99323183','Rodrigues Portugal','3565',NULL,'011210500-93','6093944707',NULL,NULL,NULL,NULL,NULL,'1900-01-01',NULL,'1900-01-01',NULL,'ativo',NULL),(272,15,2,1,'Ligia Maria Santos Teixeira','84078395','Areas verdes  Q:3','14',NULL,'001235690-50','3071331296',NULL,NULL,NULL,NULL,NULL,'1900-01-01',NULL,'1900-01-01',NULL,'ativo',NULL),(273,15,2,1,'Elizandra Adolfo Oliveira','99572015','Ram?o Prunes de oliveira ','1904',NULL,'012972160-32','4095190007',NULL,NULL,NULL,NULL,NULL,'1900-01-01',NULL,'1900-01-01',NULL,'ativo',NULL),(274,15,2,1,'Camila Schwartzhaupt Valim','96032277','General Hipolito ','4016',NULL,'000099680-75','2078479645',NULL,NULL,NULL,NULL,NULL,'1900-01-01',NULL,'1900-01-01',NULL,'ativo',NULL),(275,16,2,1,'Mirian Izabel de Lima Davila','99464387','Tiradentes','3611',NULL,'881165060-72','1061820278',NULL,NULL,NULL,NULL,NULL,'1900-01-01',NULL,'1900-01-01',NULL,'ativo',NULL),(276,16,1,1,'Everton Fernades Barbosa','96608126','Sergio de Oliveira','1356',NULL,'035278180-73','1108339837',NULL,NULL,NULL,NULL,NULL,'1900-01-01',NULL,'1900-01-01',NULL,'ativo',NULL),(277,16,1,1,'Jovani de Almeida','96982035','Areas verdes Rua 1','25',NULL,'002513100-19','9061797818',NULL,NULL,NULL,NULL,NULL,'1900-01-01',NULL,'1900-01-01',NULL,'ativo',NULL),(278,17,2,1,'Marlene Valen?a Lobo','91320087','Dr? Maia  Bloco 14 Apat:201 coronel Fideles','',NULL,'244292790-04','8080717401',NULL,NULL,NULL,NULL,NULL,'1900-01-01',NULL,'1900-01-01',NULL,'ativo',NULL),(279,17,2,1,'Ana Menna Barreto Silveira','96833233','Dr? Maia Bloco 14 Apat 201 Coronel Fidels','',NULL,'442390330-04','1029410378',NULL,NULL,NULL,NULL,NULL,'1900-01-01',NULL,'1900-01-01',NULL,'ativo',NULL),(280,18,2,1,'Ilza Maria Nunes Ramos','84469169','Monte Caseiros','4082',NULL,'021531190-65','1105087611',NULL,NULL,NULL,NULL,NULL,'1900-01-01',NULL,'1900-01-01',NULL,'ativo',NULL),(281,18,2,1,'Tatiana Andreia Salles Mello','99013203','Bento Martins','3572',NULL,'809225110-04','9054867313',NULL,NULL,NULL,NULL,NULL,'1900-01-01',NULL,'1900-01-01',NULL,'ativo',NULL),(282,18,2,1,'Marluzi Paula Alves Ramos','99648814','Monte Caseiros','4195',NULL,'014835250-23','5105495641',NULL,NULL,NULL,NULL,NULL,'1900-01-01',NULL,'1900-01-01',NULL,'ativo',NULL),(283,19,2,1,'Aline Machado De Oliveira','84414972','Padre Anchieta','2668',NULL,'008128260-51','4093943852',NULL,NULL,NULL,NULL,NULL,'1900-01-01',NULL,'1900-01-01',NULL,'ativo',NULL),(284,19,2,1,'Ana Claudia Luz de Moura','81328031','Setembrino de Carvalho Parque It? Q:4','12',NULL,'004331330-23','1079295547',NULL,NULL,NULL,NULL,NULL,'1900-01-01',NULL,'1900-01-01',NULL,'ativo',NULL),(285,19,2,1,'Ana Rita dos Santos Teixeira','96982225','Salgado Filho ','414',NULL,'004309900-40','2061110942',NULL,NULL,NULL,NULL,NULL,'1900-01-01',NULL,'1900-01-01',NULL,'ativo',NULL),(286,19,2,1,'Aline Krombauer','96383174','Bento Gon?alves','1680',NULL,'011517600-48','9094153443',NULL,NULL,NULL,NULL,NULL,'1900-01-01',NULL,'1900-01-01',NULL,'ativo',NULL),(287,19,2,1,'Andressa Francielle Camargo da silveira','96571711','Feliciano Ribeiro ','1887',NULL,'028466580-05','7079298837',NULL,NULL,NULL,NULL,NULL,'1900-01-01',NULL,'1900-01-01',NULL,'ativo',NULL),(288,19,2,1,'Ana Cristiane Dos Santos Mor?es','34123522','vila Julia rua 6','259',NULL,'946282110-00','1036851846',NULL,NULL,NULL,NULL,NULL,'1900-01-01',NULL,'1900-01-01',NULL,'ativo',NULL),(289,19,2,1,'Aline de Cassia Borges Bueno','81118923','Setembrino de Caravalho','2650',NULL,'001742000-80','5079892252',NULL,NULL,NULL,NULL,NULL,'1900-01-01',NULL,'1900-01-01',NULL,'ativo',NULL),(290,19,2,1,'Ana Paula Ferreira Pereira','96442737','Felix Grivot','246',NULL,'003586540-76','8073825096',NULL,NULL,NULL,NULL,NULL,'1900-01-01',NULL,'1900-01-01',NULL,'ativo',NULL),(291,19,2,1,'Aldria Lalice Alves Dzwieleski','96382719','Cidade Alegria  Rua 13','1331',NULL,'024655710-95','7082194081',NULL,NULL,NULL,NULL,NULL,'1900-01-01',NULL,'1900-01-01',NULL,'ativo',NULL),(292,19,2,1,'Alex Amaral Paz','96835145','Benjamim Constante ','812',NULL,'029682780-02','3110045378',NULL,NULL,NULL,NULL,NULL,'1900-01-01',NULL,'1900-01-01',NULL,'ativo',NULL),(293,19,2,1,'Andria Cristina Paz Pereira','91269644','Monte Caseiros','1953',NULL,'002571320-58','4056940631',NULL,NULL,NULL,NULL,NULL,'1900-01-01',NULL,'1900-01-01',NULL,'ativo',NULL),(294,19,2,1,'Alexandra Cristine Mendes Barreto ','3411-0342','Salgado Filho ','1854',NULL,'812641000-00','1061885412',NULL,NULL,NULL,NULL,NULL,'1900-01-01',NULL,'1900-01-01',NULL,'ativo',NULL),(295,19,2,1,'Ana Paula Gon?alves Fernandes','99217744','Domingos Almeida ','3121',NULL,'990886220-00','6066742931',NULL,NULL,NULL,NULL,NULL,'1900-01-01',NULL,'1900-01-01',NULL,'ativo',NULL),(296,19,2,1,'Ana Lucia Barbosa Pereira ','96300066','Andradas','1829',NULL,'002694480-47','7081315694',NULL,NULL,NULL,NULL,NULL,'1900-01-01',NULL,'1900-01-01',NULL,'ativo',NULL),(297,19,2,1,'Ana Maria Acuna Urroz ','96411972','Nemesio Fabricio ','5087',NULL,'730675630-34','1037183009',NULL,NULL,NULL,NULL,NULL,'1900-01-01',NULL,'1900-01-01',NULL,'ativo',NULL),(298,19,2,1,'Ana Giselda Soares Ordoqui','99157965','Andradas','3471',NULL,'004625130-84','4083386807',NULL,NULL,NULL,NULL,NULL,'1900-01-01',NULL,'1900-01-01',NULL,'ativo',NULL),(299,19,1,1,'Ademir da Rosa Barreto ','3411-4503','Emilio Taucedo','130',NULL,'700716910-49','1054865306',NULL,NULL,NULL,NULL,NULL,'1900-01-01',NULL,'1900-01-01',NULL,'ativo',NULL),(300,19,2,1,'Ana Lia Leal Diogo Souza','','Bento Gon?alves','2680',NULL,'822893520-04','5055315971',NULL,NULL,NULL,NULL,NULL,'1900-01-01',NULL,'1900-01-01',NULL,'ativo',NULL),(301,19,2,1,'Ana Maria  Soares  dos Santos','81342040','Gregorio Beregaray','23B',NULL,'63980711072','1090552744',NULL,NULL,NULL,NULL,NULL,'1900-01-01',NULL,'1900-01-01',NULL,'ativo',NULL),(302,19,2,1,'Adriana Borges Padoan','34011950','General Hipolito ','2669',NULL,'001688890-13','5088928279',NULL,NULL,NULL,NULL,NULL,'1900-01-01',NULL,'1900-01-01',NULL,'ativo',NULL),(303,19,2,1,'Aurea da Silva Vargas ','99068844','Jos? Francisco Pereira da Silva','1323',NULL,'812658670-20','9031320873',NULL,NULL,NULL,NULL,NULL,'1900-01-01',NULL,'1900-01-01',NULL,'ativo',NULL),(304,19,2,1,'Ana Maria Monzon Matheus ','81267008','Antonio Monteiro ','2596',NULL,'746122800-59','3066729405',NULL,NULL,NULL,NULL,NULL,'1900-01-01',NULL,'1900-01-01',NULL,'ativo',NULL),(305,19,2,1,'Barbar? da Silva de Souza','96974699','Homero Tarrago','1229',NULL,'840155430-68','1089975344',NULL,NULL,NULL,NULL,NULL,'1900-01-01',NULL,'1900-01-01',NULL,'ativo',NULL),(306,19,2,1,'Bruna Ademar Castelhano Soares','','Cabo Luiz Quevedo','2197',NULL,'027774000-24','2095155921',NULL,NULL,NULL,NULL,NULL,'1900-01-01',NULL,'1900-01-01',NULL,'ativo',NULL),(307,19,2,1,'Bruna Rodrigues Santana ','96226640','Dr? Pedro Marine Q:1','52',NULL,'1978353090','9102496073',NULL,NULL,NULL,NULL,NULL,'1900-01-01',NULL,'1900-01-01',NULL,'ativo',NULL),(308,19,1,1,'Cecilio Antonio Ramos Guimar?es','99796008','Neymessias ','3795',NULL,'009981460-99','8095190503',NULL,NULL,NULL,NULL,NULL,'1900-01-01',NULL,'1900-01-01',NULL,'ativo',NULL),(309,19,2,1,'Cristiane Leal Pimental','','Bento Martins','4180',NULL,'000139840-71','3047345099',NULL,NULL,NULL,NULL,NULL,'1900-01-01',NULL,'1900-01-01',NULL,'ativo',NULL),(310,19,2,1,'Carolina Graziadei Pereira','81130514','Jos? Francisco Pereira da Silva','1027',NULL,'006828540-00','6047408403',NULL,NULL,NULL,NULL,NULL,'1900-01-01',NULL,'1900-01-01',NULL,'ativo',NULL),(311,19,2,1,'Claudia Terezinha Coelho Ramos','96069455','Pedro Iralda','955',NULL,'639928760-04','1053031744',NULL,NULL,NULL,NULL,NULL,'1900-01-01',NULL,'1900-01-01',NULL,'ativo',NULL),(312,19,2,1,'Clara Maria da Silva Roballo','96724641','Menesio Fabricio','1400',NULL,'700922300-91','2019716246',NULL,NULL,NULL,NULL,NULL,'1900-01-01',NULL,'1900-01-01',NULL,'ativo',NULL),(313,19,2,1,'Cirlei Canto Pav?o','99270589','Frigorifico Oeste','49',NULL,'897838750-00','8014110251',NULL,NULL,NULL,NULL,NULL,'1900-01-01',NULL,'1900-01-01',NULL,'ativo',NULL),(314,19,2,1,'Carmem Iracema Ramos Guimar?es','3413-5139','Neymessias ','3795',NULL,'901307230-53','9056927149',NULL,NULL,NULL,NULL,NULL,'1900-01-01',NULL,'1900-01-01',NULL,'ativo',NULL),(315,19,2,1,'Cristiane da silva Gon?alves','96299315','Rbs Q:16 ','8',NULL,'878906070','9092801241',NULL,NULL,NULL,NULL,NULL,'1900-01-01',NULL,'1900-01-01',NULL,'ativo',NULL),(316,19,2,1,'Carmem Maria de Lima Ramos','96084893','General Vitorino  ','2378',NULL,'476218000-97','1071331051',NULL,NULL,NULL,NULL,NULL,'1900-01-01',NULL,'1900-01-01',NULL,'ativo',NULL),(317,19,2,1,'Carla Michele Coitinho Soares','96627620','Joal de Lima e Silva','734',NULL,'025114460-73','2087096125',NULL,NULL,NULL,NULL,NULL,'1900-01-01',NULL,'1900-01-01',NULL,'ativo',NULL),(318,19,2,1,'Cassiane de Rodrigues Gon?alves','','Joal de Lima e Silva','441',NULL,'020486380-58','8075833577',NULL,NULL,NULL,NULL,NULL,'1900-01-01',NULL,'1900-01-01',NULL,'ativo',NULL),(319,19,2,1,'Clecir Catarina de Almeida Garcia','81215398','Julio de castilhos','4003',NULL,'909063900-44','6057909861',NULL,NULL,NULL,NULL,NULL,'1900-01-01',NULL,'1900-01-01',NULL,'ativo',NULL),(320,19,2,1,'Clenir Nunes Oliveira','34143833','Bento Martins','4055',NULL,'664827550-20','6084124723',NULL,NULL,NULL,NULL,NULL,'1900-01-01',NULL,'1900-01-01',NULL,'ativo',NULL),(321,19,2,1,'Claudia Adriana Pinheiro Fideles','99856349','Padre Anchieta','3401',NULL,'000328350-00','1052140272',NULL,NULL,NULL,NULL,NULL,'1900-01-01',NULL,'1900-01-01',NULL,'ativo',NULL),(322,19,2,1,'Cleusa Machado de Oliveira','','Padre Anchieta','2668',NULL,'018045590-75','',NULL,NULL,NULL,NULL,NULL,'1900-01-01',NULL,'1900-01-01',NULL,'ativo',NULL),(323,19,2,1,'Carla Cristiane da Rosa Lamb','3412-3235','Rodrigues Portugal','2451',NULL,'944292510-53','3037139874',NULL,NULL,NULL,NULL,NULL,'1900-01-01',NULL,'1900-01-01',NULL,'ativo',NULL),(324,19,2,1,'Camila Pouey Car?s','99041053','13 de maio','1219',NULL,'003665530-97','1079303176',NULL,NULL,NULL,NULL,NULL,'1900-01-01',NULL,'1900-01-01',NULL,'ativo',NULL),(325,19,2,1,'Caren Valeria Lopes Coelho','99828810','Flores da cunha','3114',NULL,'001974600-89','1068175676',NULL,NULL,NULL,NULL,NULL,'1900-01-01',NULL,'1900-01-01',NULL,'ativo',NULL),(326,19,2,1,'Dayane Gomes Martins','34134589','Areas verdes Q:F','16',NULL,'016969050-44','9095189263',NULL,NULL,NULL,NULL,NULL,'1900-01-01',NULL,'1900-01-01',NULL,'ativo',NULL),(328,19,2,1,'Daniele Dos Santos Duarte','96069236','Julio de castilhos','3109',NULL,'002199900-77','',NULL,NULL,NULL,NULL,NULL,'1900-01-01',NULL,'1900-01-01',NULL,'ativo',NULL),(333,19,2,1,'Debora Simone Brasil Mendes','84311696','Pinheiro Machado     Tv:40','130',NULL,'018582330-03','9098308911',NULL,NULL,NULL,NULL,NULL,'1900-01-01',NULL,'1900-01-01',NULL,'ativo',NULL),(339,19,2,1,'Elenize Goulart Ferreira','91439107','14 de Julho','1944',NULL,'015311110-09','8087095207',NULL,NULL,NULL,NULL,NULL,'1900-01-01',NULL,'1900-01-01',NULL,'ativo',NULL),(341,20,1,1,'nasser rahman','984023511','dque de caxias','1929','centro','97086100030','5073825332','uruguaiana','rawhi abdel rahman','inaam','','',NULL,0,'1980-09-23',1500,'ativo',''),(342,1,1,1,'SASD','','','','','','','','','','','',NULL,1,NULL,1,'ativo',''),(343,1,1,1,'fulano de tal','','duque de caxias','1929','centro','','','','','','','',NULL,1,NULL,1,'ativo',''),(344,20,2,1,'nijma rahman','34122096','duque de caxias','1929','centro','','','','','','','',NULL,1,'1976-08-30',0,'ativo',''),(345,20,2,2,'celina','','','','','','','','','','','',NULL,0,'1997-06-06',0,'ativo',''),(347,1,1,1,'fulano de talco','369852','','','','','','','','','','',NULL,0,NULL,0,'ativo',''),(348,1,1,1,'FULANO DE TAL 2','','','','','1111111111','','','','','','',NULL,0,NULL,0,'ativo',''),(349,1,1,1,'TTTTTTTT','','','','','666666666666','','','','','','',NULL,0,NULL,0,'ativo',''),(350,1,1,1,'POIDSOPIDSOIPÉSAPOSAF','','','','','123.962.000-30','','','','','','',NULL,0,NULL,0,'ativo',''),(351,1,1,1,'DSAFASDFASF','','','','','','','','','','','',NULL,0,NULL,0,'ativo',''),(352,1,1,1,'TESTE NOVO CLIENTE','sadfas','','','','','','','','','','',NULL,0,NULL,0,'ativo','');
/*!40000 ALTER TABLE `cliente` ENABLE KEYS */;
UNLOCK TABLES;

--
-- Table structure for table `convenio`
--

DROP TABLE IF EXISTS `convenio`;
/*!40101 SET @saved_cs_client     = @@character_set_client */;
/*!40101 SET character_set_client = utf8 */;
CREATE TABLE `convenio` (
  `idconvenio` int(11) NOT NULL AUTO_INCREMENT,
  `nome` varchar(45) DEFAULT NULL,
  `responsavel` varchar(255) DEFAULT NULL,
  `telefone` varchar(10) DEFAULT NULL,
  `situacao` enum('ativo','inativo','bloqueado') DEFAULT 'ativo',
  `nrparcelas` int(11) DEFAULT NULL,
  `vencimento` int(11) DEFAULT NULL,
  `datalimite` int(11) DEFAULT NULL,
  PRIMARY KEY (`idconvenio`)
) ENGINE=InnoDB AUTO_INCREMENT=21 DEFAULT CHARSET=utf8;
/*!40101 SET character_set_client = @saved_cs_client */;

--
-- Dumping data for table `convenio`
--

LOCK TABLES `convenio` WRITE;
/*!40000 ALTER TABLE `convenio` DISABLE KEYS */;
INSERT INTO `convenio` VALUES (1,'Angela Brum','Angela Brum','5599748763','bloqueado',10,10,21),(2,'Ascamu','Claudia','5534123539','ativo',4,10,21),(3,'Caixa','Elevi','5599955489','ativo',5,10,21),(4,'Centro de Pinturas','Ana Carla','0','ativo',6,10,21),(5,'Comissaria Pibermat','Elice Renata','0','ativo',6,10,21),(6,'Decimal Papelaria','Valeria','0','ativo',3,10,21),(7,'Deltasul','Maria Isabel','0','ativo',2,10,21),(8,'El Ico','Janaina','0','ativo',10,10,21),(9,'Embral','Maria Ivone','0','ativo',6,10,21),(10,'Farmacia São João','Neiza','0','ativo',4,12,25),(11,'Hotel Mainardi','Maria Cristina','0','inativo',3,12,25),(12,'Log','Rosaura','0','ativo',7,12,25),(13,'Mercado 15','Masamichi','0','ativo',8,12,25),(14,'Oxisolda','Luiz Felipe','0','ativo',2,12,25),(15,'Reciclagem Cachito','Camila','0','ativo',2,12,25),(16,'Rebobinagem Davila','Miriam Izabel','0','ativo',2,12,25),(17,'Salão de Beleza D´ Francis','Marlene','0','ativo',2,12,25),(18,'Top Dior','Tatiana Sales','0','ativo',2,12,25),(19,'José Maidana ','José Maidana','0','ativo',2,12,25),(20,'TOTALTECH','NASSER','5584023511','ativo',8,12,0);
/*!40000 ALTER TABLE `convenio` ENABLE KEYS */;
UNLOCK TABLES;

--
-- Table structure for table `estadocivil`
--

DROP TABLE IF EXISTS `estadocivil`;
/*!40101 SET @saved_cs_client     = @@character_set_client */;
/*!40101 SET character_set_client = utf8 */;
CREATE TABLE `estadocivil` (
  `idestadocivil` int(11) NOT NULL AUTO_INCREMENT,
  `descricao` varchar(45) DEFAULT NULL,
  PRIMARY KEY (`idestadocivil`)
) ENGINE=InnoDB AUTO_INCREMENT=5 DEFAULT CHARSET=utf8;
/*!40101 SET character_set_client = @saved_cs_client */;

--
-- Dumping data for table `estadocivil`
--

LOCK TABLES `estadocivil` WRITE;
/*!40000 ALTER TABLE `estadocivil` DISABLE KEYS */;
INSERT INTO `estadocivil` VALUES (1,'Solteiro(a)'),(2,'Casado(a)'),(3,'Divorciado(a)'),(4,'Viuvo(a)');
/*!40000 ALTER TABLE `estadocivil` ENABLE KEYS */;
UNLOCK TABLES;

--
-- Table structure for table `parcela`
--

DROP TABLE IF EXISTS `parcela`;
/*!40101 SET @saved_cs_client     = @@character_set_client */;
/*!40101 SET character_set_client = utf8 */;
CREATE TABLE `parcela` (
  `idparcela` int(11) NOT NULL AUTO_INCREMENT,
  `nrparcela` int(11) DEFAULT NULL,
  `idvenda` int(11) DEFAULT NULL,
  `valorparcela` float DEFAULT NULL,
  `vencimento` date DEFAULT NULL,
  `pago` tinyint(1) DEFAULT NULL,
  PRIMARY KEY (`idparcela`),
  KEY `fk_parcela_venda1_idx` (`idvenda`),
  CONSTRAINT `fk_parcela_venda1` FOREIGN KEY (`idvenda`) REFERENCES `venda` (`idvenda`) ON DELETE NO ACTION ON UPDATE NO ACTION
) ENGINE=InnoDB AUTO_INCREMENT=209 DEFAULT CHARSET=utf8;
/*!40101 SET character_set_client = @saved_cs_client */;

--
-- Dumping data for table `parcela`
--

LOCK TABLES `parcela` WRITE;
/*!40000 ALTER TABLE `parcela` DISABLE KEYS */;
INSERT INTO `parcela` VALUES (78,1,24,50,'2019-01-12',0),(79,2,24,50,'2019-02-12',0),(80,3,24,50,'2019-03-12',0),(81,4,24,50,'2019-04-12',0),(82,1,25,55,'2018-12-12',1),(83,2,25,55,'2019-01-12',0),(84,3,25,60,'2019-02-12',0),(85,4,25,40,'2019-03-12',0),(86,5,25,65,'2019-04-12',0),(87,6,25,55,'2019-05-12',0),(92,1,27,135.5,'2018-12-12',0),(93,1,28,228,'2018-12-12',0),(94,2,28,228,'2019-01-12',0),(95,1,29,427,'2018-12-12',0),(96,2,29,427,'2019-01-12',1),(97,1,30,64.5,'2018-12-12',1),(98,2,30,64.5,'2019-01-12',1),(99,3,30,64.5,'2019-02-12',0),(100,4,30,64.5,'2019-03-12',0),(116,1,36,416,'2018-12-12',0),(117,2,36,416,'2019-01-12',0),(118,3,36,416,'2019-02-12',0),(119,4,36,416,'2019-03-12',0),(120,5,36,416,'2019-04-12',0),(121,6,36,420,'2019-05-12',0),(122,1,37,124.8,'2018-12-10',1),(123,2,37,124.8,'2019-01-10',0),(124,3,37,124.8,'2019-02-10',0),(125,4,37,124.8,'2019-03-10',0),(126,5,37,124.8,'2019-04-10',0),(127,6,37,124.8,'2019-05-10',0),(128,7,37,124.8,'2019-06-10',0),(129,8,37,124.8,'2019-07-10',0),(130,9,37,124.8,'2019-08-10',0),(131,10,37,124.8,'2019-09-10',0),(132,1,38,515,'2018-12-12',0),(133,2,38,515,'2019-01-12',0),(134,3,38,515,'2019-02-12',0),(135,1,39,45,'2019-01-12',0),(136,2,39,45,'2019-02-12',0),(137,3,39,45,'2019-03-12',0),(138,4,39,45,'2019-04-12',0),(139,5,39,45,'2019-05-12',0),(140,1,40,11,'2019-01-10',0),(141,2,40,11,'2019-02-10',0),(142,3,40,11.33,'2019-03-10',0),(143,1,41,53.33,'2019-01-12',0),(144,2,41,53.33,'2019-02-12',0),(145,3,41,53.34,'2019-03-12',0),(146,1,42,1,'2019-01-12',0),(147,1,43,5,'2019-01-10',0),(148,1,44,50,'2019-01-12',0),(149,2,44,50,'2019-02-12',0),(150,3,44,50,'2019-03-12',0),(151,1,45,43.33,'2019-01-12',0),(152,2,45,35,'2019-02-12',0),(153,3,45,51.67,'2019-03-12',0),(154,1,46,45,'2019-01-12',0),(155,2,46,40,'2019-02-12',0),(156,3,46,43,'2019-03-12',0),(157,4,46,40,'2019-04-12',0),(158,5,46,42,'2019-05-12',0),(159,6,46,40,'2019-06-12',0),(160,1,47,18,'2019-01-12',0),(161,2,47,18,'2019-02-12',0),(162,3,47,17.9,'2019-03-12',0),(163,1,48,33,'2019-01-12',0),(164,2,48,33,'2019-02-12',0),(165,3,48,34,'2019-03-12',0),(166,1,49,33,'2019-01-10',0),(167,2,49,33,'2019-02-10',0),(168,3,49,34,'2019-03-10',0),(169,1,50,33,'2019-01-10',0),(170,2,50,33,'2019-02-10',0),(171,3,50,34,'2019-03-10',0),(172,1,51,43,'2019-01-10',0),(173,2,51,43,'2019-02-10',0),(174,3,51,44,'2019-03-10',0),(175,1,52,38,'2019-01-12',0),(176,2,52,38,'2019-02-12',0),(177,3,52,38,'2019-03-12',0),(178,4,52,36,'2019-04-12',0),(179,1,53,70,'2019-01-12',0),(180,2,53,60,'2019-02-12',0),(181,1,54,23,'2019-01-10',0),(182,2,54,23,'2019-02-10',0),(183,3,54,23,'2019-03-10',0),(184,4,54,23,'2019-04-10',0),(185,5,54,23,'2019-05-10',0),(186,6,54,25,'2019-06-10',0),(187,1,55,33,'2019-01-10',0),(188,2,55,33,'2019-02-10',0),(189,3,55,34,'2019-03-10',0),(190,1,56,33.66,'2019-01-10',0),(191,2,56,33,'2019-02-10',0),(192,3,56,33.34,'2019-03-10',0),(193,1,57,42.86,'2019-01-12',0),(194,2,57,42.86,'2019-02-12',0),(195,3,57,42.86,'2019-03-12',0),(196,4,57,42.86,'2019-04-12',0),(197,5,57,42.86,'2019-05-12',0),(198,6,57,42.86,'2019-06-12',0),(199,7,57,42.84,'2019-07-12',0),(200,1,58,50,'2019-01-12',0),(201,2,58,50,'2019-02-12',0),(202,3,58,50,'2019-03-12',0),(203,4,58,50,'2019-04-12',0),(204,5,58,50,'2019-05-12',0),(205,6,58,50,'2019-06-12',0),(206,7,58,50,'2019-07-12',0),(207,8,58,50,'2019-08-12',0),(208,1,59,1000,'2019-01-12',0);
/*!40000 ALTER TABLE `parcela` ENABLE KEYS */;
UNLOCK TABLES;

--
-- Table structure for table `sexo`
--

DROP TABLE IF EXISTS `sexo`;
/*!40101 SET @saved_cs_client     = @@character_set_client */;
/*!40101 SET character_set_client = utf8 */;
CREATE TABLE `sexo` (
  `idsexo` int(11) NOT NULL AUTO_INCREMENT,
  `descricao` varchar(45) DEFAULT NULL,
  PRIMARY KEY (`idsexo`)
) ENGINE=InnoDB AUTO_INCREMENT=3 DEFAULT CHARSET=utf8;
/*!40101 SET character_set_client = @saved_cs_client */;

--
-- Dumping data for table `sexo`
--

LOCK TABLES `sexo` WRITE;
/*!40000 ALTER TABLE `sexo` DISABLE KEYS */;
INSERT INTO `sexo` VALUES (1,'M'),(2,'F');
/*!40000 ALTER TABLE `sexo` ENABLE KEYS */;
UNLOCK TABLES;

--
-- Table structure for table `venda`
--

DROP TABLE IF EXISTS `venda`;
/*!40101 SET @saved_cs_client     = @@character_set_client */;
/*!40101 SET character_set_client = utf8 */;
CREATE TABLE `venda` (
  `idvenda` int(11) NOT NULL AUTO_INCREMENT,
  `data` date DEFAULT NULL,
  `nrparcelas` int(11) DEFAULT NULL,
  `notafiscal` int(11) DEFAULT NULL,
  `valor` float DEFAULT NULL,
  `idcliente` int(11) NOT NULL,
  PRIMARY KEY (`idvenda`),
  KEY `fk_venda_cliente1_idx` (`idcliente`),
  CONSTRAINT `fk_venda_cliente1` FOREIGN KEY (`idcliente`) REFERENCES `cliente` (`idcliente`) ON DELETE NO ACTION ON UPDATE NO ACTION
) ENGINE=InnoDB AUTO_INCREMENT=60 DEFAULT CHARSET=utf8;
/*!40101 SET character_set_client = @saved_cs_client */;

--
-- Dumping data for table `venda`
--

LOCK TABLES `venda` WRITE;
/*!40000 ALTER TABLE `venda` DISABLE KEYS */;
INSERT INTO `venda` VALUES (24,'2018-11-25',4,798798,200,242),(25,'2018-11-25',6,565,330,341),(27,'2018-11-13',1,456,135.5,333),(28,'2018-11-13',2,0,456,333),(29,'2018-11-13',2,7898,854,328),(30,'2018-11-14',4,8525,258,345),(36,'2018-11-15',6,5555,2500,341),(37,'2018-11-15',10,2222,1248,141),(38,'2018-11-25',3,326,1545,341),(39,'2018-11-26',5,223,225,341),(40,'2018-11-25',3,333,33.33,141),(41,'2018-12-02',3,140,160,345),(42,'2018-12-09',1,12,1,341),(43,'2018-12-09',1,55555555,5,342),(44,'2018-12-31',3,555,150,341),(45,'2018-11-30',3,333,130,341),(46,'2018-12-09',6,44444,250,341),(47,'2018-12-09',3,123,53.9,341),(48,'2018-12-11',3,22,100,341),(49,'2018-12-11',3,55,100,342),(50,'2018-12-11',3,22,100,343),(51,'2018-12-11',3,22,130,343),(52,'2018-12-11',4,3,150,341),(53,'2018-12-11',2,44,130,333),(54,'2018-12-11',6,22,140,342),(55,'2018-12-11',3,333,100,343),(56,'2018-12-11',3,33,100,141),(57,'2018-12-11',7,5,300,341),(58,'2018-12-11',8,444,400,344),(59,'2018-12-15',1,111,1000,341);
/*!40000 ALTER TABLE `venda` ENABLE KEYS */;
UNLOCK TABLES;
/*!40103 SET TIME_ZONE=@OLD_TIME_ZONE */;

/*!40101 SET SQL_MODE=@OLD_SQL_MODE */;
/*!40014 SET FOREIGN_KEY_CHECKS=@OLD_FOREIGN_KEY_CHECKS */;
/*!40014 SET UNIQUE_CHECKS=@OLD_UNIQUE_CHECKS */;
/*!40101 SET CHARACTER_SET_CLIENT=@OLD_CHARACTER_SET_CLIENT */;
/*!40101 SET CHARACTER_SET_RESULTS=@OLD_CHARACTER_SET_RESULTS */;
/*!40101 SET COLLATION_CONNECTION=@OLD_COLLATION_CONNECTION */;
/*!40111 SET SQL_NOTES=@OLD_SQL_NOTES */;

-- Dump completed on 2018-12-15 12:38:29
